0,128
4,6332
8,14780
128,-2
132,6
136,-7
140,5
144,-9
148,7
152,10
156,-1
160,-1
164,6
168,10
172,-2
176,-1
180,-3
184,8
188,7
192,-8
196,0
200,-9
204,1
208,8
212,-5
216,6
220,-7
224,-8
228,1
232,10
236,-7
240,-1
244,-4
248,-5
252,5
256,-7
260,8
264,5
268,-3
272,4
276,-2
280,5
284,-4
288,-2
292,-3
296,-8
300,7
304,3
308,-2
312,-4
316,-2
320,5
324,3
328,9
332,0
336,-6
340,5
344,10
348,-8
352,1
356,-7
360,-9
364,-7
368,-2
372,-7
376,7
380,-3
384,6
388,8
392,-3
396,3
400,-4
404,0
408,4
412,5
416,-3
420,7
424,-4
428,10
432,-3
436,-6
440,3
444,0
448,5
452,-5
456,5
460,-10
464,8
468,-6
472,-2
476,-5
480,10
484,5
488,8
492,3
496,-3
500,1
504,-4
508,3
512,-5
516,-4
520,-9
524,-9
528,6
532,0
536,-9
540,7
544,6
548,8
552,6
556,10
560,-7
564,6
568,7
572,1
576,-10
580,6
584,6
588,-8
592,5
596,-5
600,8
604,-2
608,1
612,7
616,-9
620,3
624,-5
628,-7
632,5
636,1
640,6
644,-9
648,2
652,6
656,-3
660,-4
664,-8
668,-2
672,-2
676,-1
680,-2
684,3
688,-5
692,8
696,2
700,-8
704,6
708,-9
712,8
716,-2
720,10
724,7
728,0
732,2
736,-3
740,-10
744,-1
748,-9
752,6
756,-7
760,-5
764,-4
768,2
772,-3
776,-4
780,6
784,-1
788,5
792,9
796,-3
800,1
804,5
808,-1
812,5
816,-9
820,5
824,-6
828,8
832,-4
836,10
840,-5
844,1
848,-10
852,-9
856,6
860,-7
864,10
868,8
872,1
876,3
880,6
884,-7
888,-8
892,9
896,-6
900,-5
904,10
908,7
912,1
916,-5
920,7
924,-2
928,3
932,-7
936,-6
940,6
944,5
948,6
952,-5
956,-6
960,-10
964,-9
968,-4
972,-10
976,-5
980,-1
984,4
988,-1
992,10
996,-6
1000,4
1004,-2
1008,-4
1012,-6
1016,0
1020,-10
1024,8
1028,0
1032,6
1036,-4
1040,-7
1044,2
1048,-8
1052,2
1056,4
1060,10
1064,8
1068,-8
1072,2
1076,-8
1080,4
1084,9
1088,6
1092,-1
1096,-2
1100,-6
1104,-8
1108,1
1112,3
1116,1
1120,7
1124,-7
1128,6
1132,3
1136,0
1140,3
1144,-4
1148,6
1152,3
1156,-6
1160,3
1164,6
1168,5
1172,-9
1176,2
1180,-6
1184,-3
1188,7
1192,6
1196,-8
1200,-3
1204,-1
1208,-6
1212,-7
1216,7
1220,1
1224,5
1228,-1
1232,8
1236,-10
1240,-9
1244,5
1248,10
1252,-5
1256,3
1260,3
1264,2
1268,-6
1272,-5
1276,-3
1280,9
1284,-2
1288,-2
1292,-4
1296,-4
1300,-10
1304,-3
1308,3
1312,10
1316,-3
1320,3
1324,-8
1328,5
1332,-2
1336,7
1340,3
1344,7
1348,3
1352,8
1356,1
1360,1
1364,2
1368,-6
1372,2
1376,0
1380,6
1384,-5
1388,8
1392,10
1396,1
1400,9
1404,5
1408,-1
1412,5
1416,-7
1420,9
1424,-5
1428,1
1432,-7
1436,-7
1440,-9
1444,-4
1448,4
1452,-7
1456,0
1460,-5
1464,-2
1468,-1
1472,3
1476,-5
1480,-2
1484,7
1488,0
1492,8
1496,-5
1500,8
1504,9
1508,-1
1512,-5
1516,1
1520,7
1524,3
1528,4
1532,6
1536,-10
1540,-8
1544,-8
1548,6
1552,-3
1556,-7
1560,-5
1564,-10
1568,3
1572,-1
1576,10
1580,8
1584,5
1588,-5
1592,6
1596,-7
1600,-5
1604,-2
1608,-8
1612,6
1616,7
1620,-9
1624,-1
1628,8
1632,-1
1636,-3
1640,-5
1644,-3
1648,-1
1652,7
1656,-4
1660,1
1664,-7
1668,-7
1672,-4
1676,5
1680,-6
1684,-8
1688,-4
1692,-1
1696,6
1700,6
1704,1
1708,8
1712,-5
1716,3
1720,4
1724,-1
1728,-2
1732,-1
1736,8
1740,6
1744,7
1748,-6
1752,-2
1756,-1
1760,10
1764,-5
1768,-3
1772,-7
1776,5
1780,-9
1784,6
1788,9
1792,-10
1796,-5
1800,-6
1804,0
1808,-3
1812,-10
1816,-4
1820,-10
1824,-9
1828,5
1832,8
1836,-2
1840,-3
1844,-5
1848,1
1852,-6
1856,9
1860,0
1864,9
1868,-9
1872,2
1876,-6
1880,-1
1884,-8
1888,9
1892,6
1896,-3
1900,5
1904,2
1908,-8
1912,-9
1916,10
1920,-3
1924,-6
1928,-3
1932,7
1936,-10
1940,8
1944,9
1948,-5
1952,5
1956,4
1960,1
1964,9
1968,10
1972,0
1976,8
1980,-2
1984,8
1988,-1
1992,6
1996,-7
2000,2
2004,-7
2008,6
2012,5
2016,0
2020,-4
2024,3
2028,-1
2032,10
2036,-5
2040,-1
2044,-7
2048,-5
2052,-7
2056,10
2060,7
2064,-6
2068,-7
2072,-7
2076,-9
2080,-2
2084,-9
2088,6
2092,0
2096,-10
2100,3
2104,-9
2108,-2
2112,2
2116,-8
2120,1
2124,6
2128,-8
2132,4
2136,7
2140,4
2144,8
2148,4
2152,-10
2156,-2
2160,3
2164,-6
2168,7
2172,-10
2176,4
2180,1
2184,-7
2188,-3
2192,9
2196,-2
2200,2
2204,3
2208,-7
2212,2
2216,-7
2220,-9
2224,0
2228,9
2232,-5
2236,-8
2240,-3
2244,-9
2248,3
2252,-10
2256,3
2260,-2
2264,-5
2268,9
2272,-3
2276,-6
2280,2
2284,-1
2288,7
2292,-2
2296,2
2300,-3
2304,-3
2308,8
2312,-7
2316,4
2320,-9
2324,9
2328,4
2332,-6
2336,8
2340,-6
2344,8
2348,-8
2352,-3
2356,10
2360,-3
2364,5
2368,10
2372,-5
2376,7
2380,-3
2384,-5
2388,3
2392,-6
2396,-9
2400,2
2404,-9
2408,-7
2412,-3
2416,-3
2420,-3
2424,-5
2428,8
2432,6
2436,-4
2440,-1
2444,-1
2448,4
2452,-2
2456,9
2460,-10
2464,8
2468,0
2472,-10
2476,9
2480,-10
2484,-4
2488,-10
2492,-6
2496,-7
2500,4
2504,10
2508,-7
2512,10
2516,-4
2520,-9
2524,3
2528,6
2532,-2
2536,-1
2540,10
2544,2
2548,-7
2552,-8
2556,1
2560,8
2564,-10
2568,7
2572,-10
2576,-6
2580,-7
2584,-5
2588,-3
2592,6
2596,6
2600,-4
2604,2
2608,10
2612,5
2616,-6
2620,8
2624,4
2628,0
2632,-3
2636,0
2640,-3
2644,1
2648,5
2652,3
2656,-7
2660,-1
2664,6
2668,-4
2672,5
2676,1
2680,8
2684,4
2688,-5
2692,-9
2696,-8
2700,3
2704,-3
2708,9
2712,8
2716,-7
2720,-7
2724,5
2728,-2
2732,0
2736,3
2740,5
2744,5
2748,-5
2752,-6
2756,-5
2760,4
2764,3
2768,-2
2772,4
2776,-8
2780,5
2784,-1
2788,3
2792,9
2796,-1
2800,-9
2804,-9
2808,-3
2812,-4
2816,10
2820,0
2824,9
2828,1
2832,-9
2836,9
2840,-4
2844,4
2848,7
2852,-3
2856,2
2860,2
2864,-7
2868,-5
2872,-6
2876,-10
2880,-10
2884,10
2888,9
2892,-5
2896,9
2900,-4
2904,-7
2908,2
2912,-2
2916,6
2920,-7
2924,10
2928,9
2932,-10
2936,7
2940,-6
2944,-3
2948,10
2952,9
2956,4
2960,7
2964,-4
2968,1
2972,6
2976,-1
2980,-8
2984,5
2988,10
2992,9
2996,7
3000,-3
3004,-4
3008,-8
3012,-5
3016,-4
3020,4
3024,-6
3028,-9
3032,-9
3036,9
3040,8
3044,1
3048,-8
3052,10
3056,-10
3060,-6
3064,7
3068,8
3072,-5
3076,5
3080,0
3084,6
3088,0
3092,-8
3096,-6
3100,6
3104,10
3108,-1
3112,7
3116,5
3120,-10
3124,-2
3128,-10
3132,2
3136,-8
3140,-5
3144,6
3148,8
3152,-7
3156,-6
3160,10
3164,-5
3168,9
3172,-1
3176,5
3180,4
3184,9
3188,8
3192,-8
3196,-5
3200,10
3204,1
3208,0
3212,-4
3216,-8
3220,8
3224,-4
3228,-4
3232,-10
3236,2
3240,10
3244,7
3248,6
3252,6
3256,-10
3260,-6
3264,-3
3268,3
3272,-7
3276,3
3280,1
3284,-4
3288,1
3292,1
3296,-2
3300,7
3304,-7
3308,1
3312,10
3316,7
3320,-5
3324,7
3328,-3
3332,4
3336,1
3340,6
3344,-9
3348,0
3352,7
3356,-2
3360,-5
3364,7
3368,7
3372,9
3376,-4
3380,9
3384,1
3388,-10
3392,4
3396,-3
3400,-4
3404,-6
3408,-1
3412,7
3416,-8
3420,2
3424,-7
3428,-9
3432,7
3436,4
3440,1
3444,8
3448,0
3452,7
3456,5
3460,0
3464,9
3468,5
3472,9
3476,3
3480,-4
3484,9
3488,-4
3492,8
3496,10
3500,3
3504,-3
3508,4
3512,2
3516,-2
3520,-7
3524,1
3528,1
3532,-7
3536,3
3540,2
3544,-4
3548,7
3552,4
3556,-1
3560,-2
3564,10
3568,-3
3572,-3
3576,4
3580,4
3584,-5
3588,-2
3592,-7
3596,9
3600,3
3604,9
3608,0
3612,0
3616,4
3620,-10
3624,6
3628,9
3632,7
3636,-6
3640,9
3644,2
3648,-7
3652,9
3656,-1
3660,6
3664,-9
3668,-4
3672,5
3676,0
3680,4
3684,4
3688,-1
3692,-9
3696,-1
3700,-6
3704,-2
3708,3
3712,-8
3716,-1
3720,8
3724,-5
3728,4
3732,-8
3736,-5
3740,-8
3744,-2
3748,4
3752,8
3756,-7
3760,-6
3764,-3
3768,-7
3772,-4
3776,-10
3780,-7
3784,-3
3788,-10
3792,5
3796,6
3800,-10
3804,3
3808,-5
3812,-3
3816,6
3820,2
3824,4
3828,5
3832,8
3836,-10
3840,6
3844,4
3848,2
3852,5
3856,-1
3860,6
3864,6
3868,-5
3872,-7
3876,7
3880,5
3884,-5
3888,-8
3892,7
3896,-9
3900,0
3904,1
3908,-3
3912,-4
3916,-2
3920,9
3924,-1
3928,-1
3932,2
3936,0
3940,0
3944,-1
3948,4
3952,8
3956,-9
3960,6
3964,-5
3968,8
3972,-5
3976,9
3980,-1
3984,-10
3988,-10
3992,-8
3996,0
4000,-4
4004,-7
4008,-5
4012,10
4016,7
4020,10
4024,7
4028,-4
4032,-10
4036,-1
4040,9
4044,-5
4048,7
4052,-8
4056,-2
4060,8
4064,-5
4068,8
4072,-7
4076,8
4080,0
4084,-3
4088,4
4092,-8
4096,6
4100,-2
4104,-3
4108,5
4112,-4
4116,3
4120,-4
4124,-2
4128,-9
4132,5
4136,-5
4140,10
4144,7
4148,-2
4152,8
4156,-3
4160,-2
4164,-10
4168,-5
4172,0
4176,2
4180,3
4184,0
4188,-5
4192,-3
4196,-10
4200,7
4204,-10
4208,-10
4212,8
4216,-5
4220,3
4224,-6
4228,1
4232,-4
4236,-7
4240,-10
4244,2
4248,-3
4252,-10
4256,-7
4260,-10
4264,7
4268,-9
4272,-9
4276,2
4280,0
4284,9
4288,1
4292,-3
4296,-5
4300,7
4304,8
4308,-5
4312,5
4316,5
4320,-1
4324,-5
4328,-5
4332,-9
4336,2
4340,7
4344,-5
4348,-8
4352,0
4356,10
4360,10
4364,0
4368,1
4372,-7
4376,-7
4380,-7
4384,-5
4388,-1
4392,-9
4396,2
4400,8
4404,-10
4408,-3
4412,0
4416,-6
4420,-6
4424,-1
4428,-2
4432,-8
4436,-8
4440,-2
4444,-7
4448,-4
4452,5
4456,2
4460,-7
4464,-7
4468,3
4472,5
4476,7
4480,0
4484,-7
4488,1
4492,10
4496,8
4500,-9
4504,-3
4508,-9
4512,9
4516,9
4520,-7
4524,4
4528,-7
4532,-7
4536,0
4540,-5
4544,-2
4548,1
4552,-10
4556,5
4560,-9
4564,10
4568,-8
4572,-4
4576,-7
4580,-10
4584,-6
4588,8
4592,9
4596,2
4600,-8
4604,7
4608,-5
4612,-5
4616,-2
4620,-7
4624,-10
4628,9
4632,-9
4636,5
4640,6
4644,-1
4648,10
4652,-10
4656,9
4660,9
4664,-7
4668,-5
4672,-5
4676,-6
4680,7
4684,-9
4688,6
4692,1
4696,7
4700,0
4704,-2
4708,-2
4712,-2
4716,-5
4720,-6
4724,0
4728,0
4732,-9
4736,-8
4740,8
4744,4
4748,3
4752,9
4756,2
4760,-8
4764,-4
4768,-5
4772,3
4776,-3
4780,-8
4784,9
4788,-3
4792,-9
4796,6
4800,7
4804,-3
4808,-5
4812,0
4816,-4
4820,7
4824,3
4828,-5
4832,-8
4836,-6
4840,-9
4844,-8
4848,10
4852,-6
4856,4
4860,9
4864,-3
4868,8
4872,-6
4876,-8
4880,6
4884,-2
4888,0
4892,-3
4896,5
4900,-1
4904,-5
4908,2
4912,-3
4916,3
4920,5
4924,6
4928,-1
4932,8
4936,3
4940,-3
4944,-2
4948,8
4952,10
4956,6
4960,-5
4964,-10
4968,-7
4972,10
4976,-1
4980,4
4984,1
4988,-5
4992,4
4996,-5
5000,4
5004,7
5008,-3
5012,9
5016,-1
5020,1
5024,-3
5028,-7
5032,-9
5036,2
5040,-8
5044,7
5048,3
5052,2
5056,9
5060,-1
5064,-7
5068,-3
5072,-3
5076,-2
5080,-3
5084,-5
5088,3
5092,-8
5096,-3
5100,10
5104,1
5108,0
5112,-6
5116,0
5120,-10
5124,-5
5128,8
5132,9
5136,-1
5140,1
5144,-2
5148,7
5152,7
5156,6
5160,-1
5164,-9
5168,-4
5172,-3
5176,-4
5180,-8
5184,-8
5188,10
5192,-3
5196,-5
5200,5
5204,6
5208,3
5212,10
5216,7
5220,-1
5224,4
5228,-4
5232,-3
5236,-9
5240,1
5244,-9
5248,1
5252,-10
5256,-4
5260,1
5264,-7
5268,10
5272,2
5276,-8
5280,-3
5284,7
5288,1
5292,7
5296,8
5300,-7
5304,-10
5308,3
5312,-10
5316,-9
5320,2
5324,10
5328,5
5332,1
5336,-10
5340,-5
5344,4
5348,-9
5352,7
5356,-8
5360,4
5364,-2
5368,-2
5372,1
5376,3
5380,1
5384,9
5388,5
5392,-4
5396,-9
5400,-9
5404,-10
5408,7
5412,-10
5416,-5
5420,-7
5424,-5
5428,10
5432,7
5436,5
5440,-10
5444,8
5448,-8
5452,4
5456,-10
5460,1
5464,0
5468,-6
5472,-10
5476,-10
5480,2
5484,8
5488,4
5492,-8
5496,1
5500,5
5504,10
5508,1
5512,-7
5516,4
5520,-2
5524,0
5528,1
5532,1
5536,0
5540,-7
5544,5
5548,-4
5552,-8
5556,-4
5560,-2
5564,7
5568,-5
5572,-5
5576,7
5580,7
5584,6
5588,-9
5592,10
5596,10
5600,-1
5604,4
5608,-5
5612,-7
5616,0
5620,-2
5624,2
5628,5
5632,8
5636,-5
5640,8
5644,-10
5648,-4
5652,-9
5656,8
5660,9
5664,-7
5668,-10
5672,2
5676,-1
5680,3
5684,-2
5688,-8
5692,2
5696,9
5700,8
5704,7
5708,-6
5712,-10
5716,1
5720,0
5724,9
5728,-10
5732,-2
5736,-5
5740,1
5744,-3
5748,-5
5752,3
5756,-5
5760,-4
5764,3
5768,-7
5772,-7
5776,-7
5780,-10
5784,-1
5788,-8
5792,0
5796,6
5800,-10
5804,-3
5808,-2
5812,-5
5816,-4
5820,9
5824,-3
5828,-6
5832,6
5836,1
5840,-8
5844,5
5848,-4
5852,1
5856,2
5860,10
5864,7
5868,-10
5872,2
5876,-3
5880,6
5884,-3
5888,-10
5892,8
5896,7
5900,5
5904,-7
5908,-4
5912,0
5916,-10
5920,-10
5924,6
5928,-9
5932,-6
5936,3
5940,5
5944,-3
5948,10
5952,-5
5956,-8
5960,2
5964,-3
5968,5
5972,-3
5976,10
5980,-1
5984,3
5988,7
5992,-3
5996,9
6000,9
6004,-6
6008,5
6012,-8
6016,-8
6020,2
6024,3
6028,-6
6032,2
6036,-6
6040,2
6044,-3
6048,8
6052,-4
6056,-2
6060,5
6064,1
6068,-4
6072,-8
6076,3
6080,-8
6084,6
6088,-4
6092,9
6096,5
6100,9
6104,-1
6108,-4
6112,-1
6116,5
6120,3
6124,5
6128,-5
6132,1
6136,-2
6140,-8
6144,9
6148,-8
6152,-7
6156,4
6160,1
6164,3
6168,-10
6172,5
6176,7
6180,2
6184,-9
6188,5
6192,9
6196,5
6200,8
6204,8
6208,-3
6212,-6
6216,3
6220,-7
6224,-1
6228,-9
6232,-7
6236,1
6240,10
6244,-8
6248,7
6252,10
6256,9
6260,-1
6264,-10
6268,-7
6272,-3
6276,-2
6280,10
6284,-8
6288,8
6292,0
6296,5
6300,7
6304,4
6308,-8
6312,10
6316,-10
6320,4
6324,2
6328,-4
6332,-1
6336,-8
6340,6
6344,-2
6348,-8
6352,9
6356,0
6360,-1
6364,-9
6368,-2
6372,-9
6376,-4
6380,1
6384,-7
6388,5
6392,6
6396,-2
6400,-6
6404,3
6408,-10
6412,5
6416,6
6420,-6
6424,4
6428,-10
6432,8
6436,-7
6440,4
6444,7
6448,-2
6452,10
6456,-9
6460,-10
6464,-8
6468,1
6472,6
6476,-4
6480,-8
6484,-6
6488,-2
6492,-6
6496,-3
6500,-2
6504,-4
6508,2
6512,2
6516,10
6520,-9
6524,-5
6528,3
6532,0
6536,7
6540,3
6544,3
6548,-8
6552,3
6556,6
6560,3
6564,-7
6568,-9
6572,-7
6576,10
6580,-3
6584,3
6588,0
6592,4
6596,5
6600,5
6604,7
6608,7
6612,1
6616,-2
6620,5
6624,2
6628,-4
6632,-10
6636,-7
6640,6
6644,-5
6648,-10
6652,2
6656,-2
6660,10
6664,6
6668,-6
6672,10
6676,-7
6680,8
6684,-4
6688,-5
6692,-8
6696,-8
6700,3
6704,-8
6708,9
6712,7
6716,-6
6720,1
6724,1
6728,-4
6732,-1
6736,-8
6740,-10
6744,6
6748,0
6752,-6
6756,-3
6760,-3
6764,-4
6768,2
6772,-3
6776,-8
6780,-9
6784,2
6788,-3
6792,-7
6796,-4
6800,-9
6804,8
6808,-5
6812,5
6816,0
6820,1
6824,0
6828,3
6832,1
6836,6
6840,5
6844,1
6848,3
6852,1
6856,9
6860,5
6864,-1
6868,7
6872,4
6876,3
6880,-7
6884,2
6888,3
6892,-5
6896,-4
6900,1
6904,6
6908,-5
6912,-9
6916,-8
6920,-8
6924,-8
6928,1
6932,-6
6936,-1
6940,3
6944,-3
6948,5
6952,8
6956,-3
6960,-3
6964,8
6968,-4
6972,1
6976,-3
6980,8
6984,-10
6988,-1
6992,10
6996,3
7000,1
7004,9
7008,5
7012,-1
7016,1
7020,8
7024,0
7028,1
7032,2
7036,-1
7040,10
7044,4
7048,10
7052,2
7056,-6
7060,-4
7064,-6
7068,0
7072,6
7076,-9
7080,2
7084,2
7088,-5
7092,-9
7096,-4
7100,7
7104,9
7108,-9
7112,5
7116,5
7120,-9
7124,5
7128,-2
7132,-9
7136,-1
7140,-7
7144,-9
7148,8
7152,-9
7156,-3
7160,-4
7164,9
7168,7
7172,-7
7176,-3
7180,-9
7184,-3
7188,4
7192,5
7196,8
7200,-3
7204,9
7208,-2
7212,-1
7216,-9
7220,-3
7224,-3
7228,-5
7232,1
7236,-3
7240,5
7244,-6
7248,2
7252,2
7256,0
7260,3
7264,6
7268,9
7272,10
7276,1
7280,-1
7284,10
7288,9
7292,-10
7296,-8
7300,-6
7304,1
7308,5
7312,-2
7316,4
7320,0
7324,1
7328,7
7332,2
7336,7
7340,3
7344,9
7348,0
7352,-3
7356,2
7360,-2
7364,9
7368,-4
7372,-2
7376,9
7380,-7
7384,-6
7388,8
7392,6
7396,-1
7400,1
7404,9
7408,-1
7412,-4
7416,-4
7420,6
7424,1
7428,9
7432,-7
7436,9
7440,-2
7444,8
7448,0
7452,-2
7456,3
7460,-7
7464,-2
7468,-4
7472,9
7476,7
7480,-5
7484,-10
7488,-10
7492,-4
7496,-8
7500,6
7504,5
7508,1
7512,10
7516,7
7520,1
7524,-10
7528,-9
7532,9
7536,7
7540,2
7544,9
7548,2
7552,3
7556,-10
7560,-2
7564,-4
7568,-8
7572,-9
7576,-6
7580,6
7584,10
7588,6
7592,-7
7596,3
7600,4
7604,0
7608,5
7612,6
7616,-7
7620,5
7624,7
7628,-3
7632,-8
7636,10
7640,-9
7644,-3
7648,-9
7652,-6
7656,6
7660,-1
7664,-4
7668,-3
7672,-7
7676,5
7680,10
7684,8
7688,-2
7692,8
7696,9
7700,-10
7704,7
7708,5
7712,-2
7716,6
7720,3
7724,6
7728,-7
7732,8
7736,3
7740,8
7744,4
7748,2
7752,4
7756,-5
7760,-7
7764,-10
7768,-7
7772,-7
7776,10
7780,4
7784,9
7788,2
7792,-2
7796,-10
7800,1
7804,2
7808,6
7812,-3
7816,4
7820,3
7824,5
7828,6
7832,-2
7836,9
7840,6
7844,-2
7848,6
7852,-2
7856,9
7860,-2
7864,9
7868,-6
7872,1
7876,-2
7880,-1
7884,-1
7888,7
7892,-6
7896,3
7900,-6
7904,-10
7908,9
7912,-7
7916,-5
7920,10
7924,5
7928,0
7932,1
7936,-2
7940,-2
7944,2
7948,2
7952,-3
7956,-9
7960,-2
7964,5
7968,2
7972,4
7976,-8
7980,7
7984,-9
7988,9
7992,-3
7996,1
8000,-8
8004,-5
8008,-6
8012,-8
8016,9
8020,10
8024,-6
8028,-6
8032,-3
8036,5
8040,-7
8044,0
8048,-7
8052,1
8056,5
8060,9
8064,-1
8068,-1
8072,-1
8076,-9
8080,-6
8084,7
8088,-9
8092,9
8096,-2
8100,-6
8104,1
8108,-7
8112,-3
8116,-10
8120,-1
8124,-7
8128,-6
8132,-8
8136,-6
8140,5
8144,-3
8148,-6
8152,-1
8156,7
8160,-6
8164,0
8168,-7
8172,-3
8176,-1
8180,-5
8184,6
8188,0
8192,-10
8196,9
8200,4
8204,-2
8208,9
8212,10
8216,-3
8220,7
8224,-3
8228,-1
8232,6
8236,8
8240,-8
8244,6
8248,-7
8252,0
8256,7
8260,-2
8264,3
8268,-10
8272,-3
8276,-1
8280,-10
8284,2
8288,-5
8292,7
8296,1
8300,0
8304,-6
8308,9
8312,5
8316,-1
8320,-2
8324,9
8328,8
8332,-10
8336,8
8340,-2
8344,10
8348,9
8352,-9
8356,8
8360,-1
8364,5
8368,9
8372,9
8376,5
8380,-5
8384,-3
8388,-6
8392,-4
8396,-3
8400,2
8404,8
8408,-8
8412,8
8416,-5
8420,-3
8424,-2
8428,-5
8432,6
8436,6
8440,-1
8444,-9
8448,5
8452,8
8456,4
8460,-5
8464,-8
8468,-1
8472,-8
8476,-8
8480,6
8484,10
8488,-8
8492,3
8496,8
8500,2
8504,-4
8508,10
8512,-5
8516,-9
8520,-6
8524,-3
8528,-9
8532,-7
8536,10
8540,-4
8544,-6
8548,0
8552,7
8556,-9
8560,-7
8564,-2
8568,0
8572,-9
8576,1
8580,-7
8584,3
8588,2
8592,1
8596,3
8600,-7
8604,2
8608,-8
8612,-4
8616,7
8620,4
8624,5
8628,-9
8632,-4
8636,9
8640,-1
8644,10
8648,-7
8652,6
8656,-10
8660,1
8664,2
8668,0
8672,4
8676,-4
8680,0
8684,-9
8688,-8
8692,3
8696,8
8700,9
8704,-5
8708,-3
8712,-7
8716,-8
8720,-1
8724,-7
8728,5
8732,3
8736,3
8740,6
8744,8
8748,-3
8752,-6
8756,9
8760,1
8764,10
8768,3
8772,-10
8776,-5
8780,0
8784,5
8788,-6
8792,7
8796,6
8800,-5
8804,2
8808,3
8812,0
8816,4
8820,8
8824,-5
8828,8
8832,-9
8836,-10
8840,3
8844,-8
8848,6
8852,-9
8856,-2
8860,-5
8864,2
8868,-10
8872,9
8876,5
8880,-4
8884,-3
8888,-3
8892,-7
8896,-10
8900,-7
8904,7
8908,-5
8912,0
8916,-8
8920,-2
8924,10
8928,6
8932,-6
8936,1
8940,-6
8944,3
8948,10
8952,-9
8956,-2
8960,-9
8964,0
8968,-9
8972,-3
8976,-6
8980,8
8984,1
8988,-2
8992,-8
8996,3
9000,-7
9004,-9
9008,-3
9012,1
9016,-7
9020,-2
9024,3
9028,4
9032,-5
9036,-1
9040,7
9044,1
9048,0
9052,-8
9056,-4
9060,-10
9064,-8
9068,3
9072,5
9076,-5
9080,-6
9084,7
9088,0
9092,-2
9096,-5
9100,-2
9104,-9
9108,2
9112,-6
9116,1
9120,-4
9124,-5
9128,-7
9132,5
9136,1
9140,-4
9144,4
9148,-4
9152,6
9156,0
9160,-7
9164,-5
9168,5
9172,-5
9176,-5
9180,10
9184,0
9188,-3
9192,2
9196,-1
9200,-3
9204,0
9208,-7
9212,-5
9216,5
9220,2
9224,-9
9228,-6
9232,-8
9236,6
9240,-4
9244,-2
9248,10
9252,-9
9256,-4
9260,-8
9264,0
9268,5
9272,5
9276,-3
9280,5
9284,10
9288,1
9292,5
9296,5
9300,3
9304,2
9308,9
9312,-4
9316,-5
9320,9
9324,7
9328,-9
9332,2
9336,-10
9340,-7
9344,-1
9348,2
9352,-4
9356,-1
9360,9
9364,6
9368,7
9372,6
9376,6
9380,-8
9384,4
9388,2
9392,7
9396,8
9400,7
9404,8
9408,3
9412,6
9416,8
9420,-10
9424,-1
9428,9
9432,8
9436,2
9440,6
9444,3
9448,6
9452,-1
9456,3
9460,-5
9464,0
9468,5
9472,4
9476,8
9480,3
9484,-10
9488,4
9492,-2
9496,-2
9500,7
9504,9
9508,-6
9512,8
9516,4
9520,-7
9524,2
9528,-6
9532,6
9536,4
9540,7
9544,2
9548,-2
9552,5
9556,1
9560,-9
9564,-5
9568,-4
9572,-9
9576,-1
9580,-5
9584,-6
9588,-4
9592,-9
9596,-5
9600,8
9604,4
9608,8
9612,6
9616,10
9620,-1
9624,-3
9628,5
9632,-1
9636,8
9640,-3
9644,-10
9648,2
9652,0
9656,-4
9660,-8
9664,10
9668,9
9672,6
9676,-2
9680,-3
9684,-5
9688,3
9692,-5
9696,3
9700,-6
9704,-10
9708,8
9712,1
9716,-4
9720,6
9724,8
9728,7
9732,0
9736,4
9740,2
9744,9
9748,-9
9752,-4
9756,-3
9760,7
9764,-5
9768,-8
9772,7
9776,0
9780,-3
9784,8
9788,2
9792,-6
9796,-3
9800,-7
9804,-9
9808,-6
9812,6
9816,10
9820,5
9824,-8
9828,-5
9832,-9
9836,-3
9840,-8
9844,-1
9848,2
9852,4
9856,10
9860,-10
9864,-6
9868,-5
9872,4
9876,2
9880,-1
9884,-1
9888,10
9892,-3
9896,3
9900,-8
9904,6
9908,1
9912,8
9916,4
9920,-7
9924,7
9928,-4
9932,1
9936,1
9940,4
9944,10
9948,-2
9952,6
9956,0
9960,-9
9964,-2
9968,3
9972,0
9976,-2
9980,4
9984,-8
9988,-3
9992,7
9996,-9
10000,0
10004,-1
10008,8
10012,-8
10016,-2
10020,-7
10024,6
10028,0
10032,9
10036,2
10040,2
10044,-7
10048,-2
10052,-6
10056,-10
10060,7
10064,8
10068,2
10072,-2
10076,7
10080,2
10084,-1
10088,2
10092,-5
10096,4
10100,5
10104,-8
10108,-8
10112,9
10116,-6
10120,-1
10124,-7
10128,-5
10132,-5
10136,5
10140,9
10144,-3
10148,3
10152,-2
10156,-8
10160,5
10164,5
10168,-8
10172,-4
10176,7
10180,10
10184,1
10188,0
10192,-6
10196,-8
10200,1
10204,9
10208,-3
10212,9
10216,5
10220,-8
10224,1
10228,8
10232,0
10236,1
10240,-4
10244,-5
10248,10
10252,10
10256,-8
10260,6
10264,-6
10268,7
10272,8
10276,-5
10280,1
10284,1
10288,-5
10292,-6
10296,8
10300,6
10304,9
10308,-10
10312,9
10316,5
10320,-2
10324,-5
10328,2
10332,-4
10336,9
10340,10
10344,-7
10348,-10
10352,6
10356,4
10360,1
10364,4
10368,-1
10372,-1
10376,2
10380,-2
10384,-3
10388,3
10392,4
10396,6
10400,8
10404,7
10408,-4
10412,3
10416,5
10420,5
10424,-8
10428,2
10432,6
10436,8
10440,7
10444,2
10448,3
10452,9
10456,-9
10460,4
10464,-4
10468,-6
10472,6
10476,-1
10480,1
10484,2
10488,-1
10492,-4
10496,-8
10500,6
10504,-8
10508,-2
10512,9
10516,-4
10520,-7
10524,8
10528,9
10532,-7
10536,5
10540,-4
10544,-4
10548,4
10552,7
10556,-5
10560,7
10564,-1
10568,-2
10572,10
10576,-2
10580,7
10584,5
10588,5
10592,8
10596,-3
10600,-10
10604,-2
10608,-8
10612,-7
10616,-8
10620,3
10624,1
10628,2
10632,-3
10636,4
10640,-8
10644,4
10648,1
10652,10
10656,4
10660,-2
10664,10
10668,7
10672,-10
10676,5
10680,3
10684,-5
10688,9
10692,-5
10696,-5
10700,-3
10704,6
10708,2
10712,0
10716,9
10720,-7
10724,-5
10728,5
10732,2
10736,-5
10740,-9
10744,-9
10748,-6
10752,7
10756,4
10760,-2
10764,-4
10768,-3
10772,9
10776,4
10780,-9
10784,5
10788,-10
10792,-2
10796,-3
10800,-2
10804,7
10808,6
10812,6
10816,9
10820,4
10824,-6
10828,-1
10832,-5
10836,10
10840,1
10844,-2
10848,0
10852,1
10856,-1
10860,-1
10864,7
10868,-2
10872,7
10876,8
10880,9
10884,0
10888,0
10892,-10
10896,5
10900,10
10904,5
10908,-9
10912,10
10916,-2
10920,-8
10924,-7
10928,6
10932,-9
10936,-6
10940,-8
10944,-6
10948,6
10952,-9
10956,9
10960,-2
10964,-4
10968,6
10972,-7
10976,-9
10980,10
10984,-2
10988,-6
10992,-7
10996,9
11000,0
11004,-2
11008,-5
11012,0
11016,2
11020,7
11024,8
11028,5
11032,-10
11036,-3
11040,7
11044,-6
11048,2
11052,-10
11056,-2
11060,7
11064,4
11068,4
11072,-5
11076,-4
11080,5
11084,6
11088,-9
11092,-8
11096,-3
11100,7
11104,8
11108,-9
11112,2
11116,-8
11120,5
11124,1
11128,6
11132,5
11136,7
11140,-9
11144,4
11148,-1
11152,8
11156,-2
11160,-5
11164,-6
11168,-6
11172,-9
11176,2
11180,8
11184,-8
11188,-3
11192,-9
11196,0
11200,8
11204,2
11208,-1
11212,-6
11216,0
11220,-5
11224,-9
11228,-6
11232,-10
11236,8
11240,-6
11244,-7
11248,8
11252,10
11256,-6
11260,1
11264,-10
11268,4
11272,-6
11276,8
11280,0
11284,5
11288,-5
11292,-5
11296,5
11300,-4
11304,-7
11308,7
11312,-5
11316,10
11320,9
11324,9
11328,-1
11332,-9
11336,1
11340,-4
11344,-8
11348,3
11352,6
11356,-3
11360,1
11364,5
11368,3
11372,7
11376,-9
11380,-4
11384,5
11388,-2
11392,0
11396,-8
11400,-7
11404,6
11408,-5
11412,5
11416,4
11420,4
11424,-6
11428,8
11432,-6
11436,-2
11440,-1
11444,0
11448,-5
11452,0
11456,9
11460,-1
11464,-6
11468,0
11472,10
11476,-6
11480,-8
11484,4
11488,4
11492,-6
11496,5
11500,3
11504,-3
11508,-1
11512,2
11516,7
11520,-2
11524,4
11528,7
11532,4
11536,-1
11540,8
11544,7
11548,-1
11552,-4
11556,-7
11560,-7
11564,-5
11568,-9
11572,-8
11576,-5
11580,-2
11584,-6
11588,0
11592,-7
11596,-9
11600,4
11604,4
11608,-9
11612,-9
11616,8
11620,8
11624,-1
11628,4
11632,-1
11636,-4
11640,-5
11644,-3
11648,-7
11652,5
11656,-7
11660,1
11664,7
11668,5
11672,-5
11676,4
11680,6
11684,8
11688,-7
11692,0
11696,-5
11700,-7
11704,2
11708,-1
11712,-1
11716,-7
11720,7
11724,-10
11728,6
11732,-4
11736,-9
11740,10
11744,0
11748,-4
11752,1
11756,-8
11760,-7
11764,5
11768,6
11772,-3
11776,4
11780,1
11784,-3
11788,-10
11792,-2
11796,7
11800,9
11804,-8
11808,-9
11812,2
11816,1
11820,9
11824,-10
11828,-9
11832,-1
11836,-10
11840,7
11844,0
11848,-9
11852,-7
11856,6
11860,8
11864,1
11868,-10
11872,1
11876,-8
11880,4
11884,7
11888,7
11892,3
11896,-3
11900,-4
11904,-10
11908,0
11912,-10
11916,5
11920,5
11924,10
11928,1
11932,-4
11936,-1
11940,-10
11944,-10
11948,-10
11952,-10
11956,-6
11960,-3
11964,2
11968,0
11972,4
11976,-8
11980,0
11984,-8
11988,-3
11992,-4
11996,-2
12000,-5
12004,-1
12008,6
12012,-2
12016,-9
12020,1
12024,-1
12028,-3
12032,-6
12036,-6
12040,-1
12044,8
12048,10
12052,10
12056,-9
12060,-9
12064,-8
12068,2
12072,-9
12076,7
12080,-7
12084,-4
12088,-8
12092,-6
12096,-1
12100,-6
12104,7
12108,-1
12112,3
12116,-5
12120,6
12124,-2
12128,-7
12132,-6
12136,3
12140,-9
12144,-8
12148,-6
12152,-9
12156,-3
12160,-5
12164,-7
12168,1
12172,5
12176,-10
12180,7
12184,6
12188,-5
12192,-4
12196,-3
12200,3
12204,9
12208,-3
12212,0
12216,-3
12220,-5
12224,5
12228,-5
12232,-4
12236,-1
12240,-6
12244,9
12248,-8
12252,1
12256,-7
12260,3
12264,10
12268,8
12272,-9
12276,-9
12280,-10
12284,8
12288,8
12292,-5
12296,10
12300,8
12304,-4
12308,-6
12312,-7
12316,-10
12320,-10
12324,8
12328,-3
12332,-3
12336,-6
12340,2
12344,-2
12348,-6
12352,0
12356,-9
12360,7
12364,-8
12368,-6
12372,8
12376,6
12380,-2
12384,10
12388,6
12392,3
12396,-9
12400,-4
12404,-4
12408,1
12412,-7
12416,1
12420,-9
12424,-9
12428,-8
12432,6
12436,8
12440,-7
12444,7
12448,-3
12452,-6
12456,9
12460,-4
12464,6
12468,3
12472,4
12476,-6
12480,2
12484,9
12488,-6
12492,8
12496,1
12500,5
12504,3
12508,-9
12512,5
12516,-5
12520,-5
12524,6
12528,-4
12532,0
12536,10
12540,10
12544,-4
12548,-10
12552,-3
12556,1
12560,-9
12564,0
12568,0
12572,-2
12576,-2
12580,2
12584,7
12588,-2
12592,-4
12596,7
12600,3
12604,-2
12608,-8
12612,-3
12616,10
12620,-5
12624,-7
12628,2
12632,0
12636,0
12640,8
12644,9
12648,-5
12652,2
12656,7
12660,1
12664,1
12668,-2
12672,8
12676,3
12680,-2
12684,4
12688,3
12692,-9
12696,9
12700,-1
12704,10
12708,10
12712,8
12716,0
12720,10
12724,5
12728,-10
12732,-1
12736,-3
12740,-3
12744,-2
12748,-5
12752,0
12756,-6
12760,-4
12764,10
12768,0
12772,-8
12776,7
12780,-4
12784,1
12788,1
12792,-7
12796,9
12800,5
12804,-9
12808,9
12812,-7
12816,8
12820,0
12824,8
12828,9
12832,-1
12836,7
12840,-3
12844,-5
12848,5
12852,-8
12856,-6
12860,-8
12864,4
12868,5
12872,-4
12876,-6
12880,0
12884,-1
12888,7
12892,1
12896,9
12900,-5
12904,4
12908,-8
12912,-10
12916,-7
12920,-6
12924,-1
12928,0
12932,-5
12936,-10
12940,-2
12944,5
12948,0
12952,6
12956,5
12960,-1
12964,6
12968,-10
12972,8
12976,-8
12980,6
12984,6
12988,-1
12992,-10
12996,-1
13000,-1
13004,-2
13008,5
13012,5
13016,6
13020,10
13024,0
13028,5
13032,8
13036,-7
13040,-10
13044,-7
13048,8
13052,6
13056,-8
13060,8
13064,0
13068,6
13072,8
13076,-1
13080,7
13084,9
13088,2
13092,-6
13096,-5
13100,2
13104,-5
13108,5
13112,-8
13116,-9
13120,2
13124,-4
13128,3
13132,2
13136,-10
13140,9
13144,-3
13148,-9
13152,6
13156,8
13160,-1
13164,0
13168,-5
13172,2
13176,2
13180,4
13184,-6
13188,-6
13192,-2
13196,-3
13200,10
13204,6
13208,1
13212,1
13216,-1
13220,-5
13224,-8
13228,3
13232,-8
13236,9
13240,3
13244,-7
13248,-10
13252,-8
13256,3
13260,-9
13264,7
13268,10
13272,-1
13276,7
13280,0
13284,9
13288,8
13292,-2
13296,4
13300,-5
13304,3
13308,-2
13312,7
13316,1
13320,-9
13324,5
13328,-1
13332,-10
13336,1
13340,-5
13344,2
13348,-2
13352,6
13356,-7
13360,-4
13364,-6
13368,0
13372,9
13376,10
13380,7
13384,-6
13388,10
13392,3
13396,-2
13400,6
13404,-3
13408,5
13412,-5
13416,-5
13420,5
13424,4
13428,-9
13432,5
13436,2
13440,7
13444,-7
13448,1
13452,8
13456,6
13460,3
13464,-1
13468,-5
13472,-7
13476,-10
13480,6
13484,-7
13488,-8
13492,-7
13496,7
13500,5
13504,-3
13508,2
13512,-7
13516,7
13520,9
13524,-1
13528,9
13532,9
13536,-7
13540,-6
13544,-7
13548,8
13552,4
13556,-8
13560,10
13564,-7
13568,10
13572,-6
13576,-5
13580,4
13584,3
13588,-7
13592,-6
13596,-5
13600,5
13604,8
13608,9
13612,8
13616,4
13620,-5
13624,5
13628,-10
13632,6
13636,-3
13640,-6
13644,1
13648,-6
13652,-10
13656,10
13660,2
13664,-9
13668,-7
13672,3
13676,-3
13680,9
13684,-10
13688,-10
13692,3
13696,1
13700,1
13704,-2
13708,5
13712,8
13716,10
13720,-3
13724,8
13728,6
13732,-10
13736,-1
13740,-3
13744,2
13748,7
13752,-9
13756,3
13760,-4
13764,0
13768,9
13772,5
13776,-7
13780,-9
13784,-4
13788,-2
13792,6
13796,-1
13800,6
13804,-3
13808,9
13812,-5
13816,-3
13820,-4
13824,4
13828,8
13832,-8
13836,-9
13840,6
13844,2
13848,7
13852,-3
13856,9
13860,-3
13864,6
13868,-9
13872,-3
13876,-6
13880,10
13884,8
13888,2
13892,-2
13896,7
13900,0
13904,0
13908,-8
13912,10
13916,-1
13920,4
13924,-3
13928,10
13932,-10
13936,2
13940,-8
13944,-3
13948,4
13952,-7
13956,6
13960,4
13964,9
13968,10
13972,5
13976,-10
13980,10
13984,-8
13988,-10
13992,-7
13996,-4
14000,-5
14004,10
14008,8
14012,-8
14016,-7
14020,0
14024,10
14028,-1
14032,2
14036,1
14040,6
14044,3
14048,-2
14052,7
14056,-4
14060,-7
14064,8
14068,-6
14072,8
14076,3
14080,8
14084,9
14088,-2
14092,-7
14096,-4
14100,-10
14104,-10
14108,-9
14112,-4
14116,-10
14120,0
14124,-2
14128,-10
14132,-3
14136,0
14140,-3
14144,-7
14148,10
14152,1
14156,-4
14160,2
14164,7
14168,9
14172,-9
14176,-1
14180,-1
14184,-9
14188,3
14192,3
14196,-4
14200,-10
14204,-1
14208,-1
14212,-7
14216,-6
14220,-4
14224,-9
14228,5
14232,10
14236,5
14240,10
14244,3
14248,9
14252,-5
14256,-2
14260,1
14264,-6
14268,5
14272,6
14276,5
14280,-2
14284,-4
14288,-6
14292,-7
14296,6
14300,8
14304,9
14308,-8
14312,4
14316,-7
14320,9
14324,5
14328,4
14332,6
14336,4
14340,-6
14344,6
14348,-2
14352,-2
14356,-1
14360,6
14364,-6
14368,-8
14372,-1
14376,-2
14380,-10
14384,-10
14388,5
14392,1
14396,-2
14400,-8
14404,5
14408,4
14412,9
14416,2
14420,9
14424,-1
14428,-3
14432,-9
14436,-6
14440,3
14444,7
14448,-5
14452,0
14456,-8
14460,10
14464,5
14468,8
14472,-1
14476,-6
14480,-8
14484,-4
14488,0
14492,4
14496,6
14500,2
14504,4
14508,-10
14512,6
14516,10
14520,-2
14524,4
14528,6
14532,-3
14536,-6
14540,-1
14544,-3
14548,9
14552,-6
14556,-7
14560,-3
14564,-5
14568,-5
14572,4
14576,8
14580,-5
14584,0
14588,9
14592,10
14596,8
14600,-6
14604,-6
14608,-1
14612,2
14616,8
14620,10
14624,4
14628,10
14632,-7
14636,-7
14640,-2
14644,-5
14648,2
14652,2
14656,3
14660,-9
14664,5
14668,-10
14672,2
14676,-1
14680,-2
14684,7
14688,-6
14692,10
14696,6
14700,5
14704,7
14708,-7
14712,0
14716,9
14720,-5
14724,2
14728,-10
14732,6
14736,-2
14740,8
14744,-7
14748,6
14752,-5
14756,-8
14760,1
14764,-2
14768,4
14772,-4
14776,-3
14780,0
14784,0
14788,0
14792,0
14796,0
14800,0
14804,0
14808,0
14812,0
14816,0
14820,0
14824,0
14828,0
14832,0
14836,0
14840,0
14844,0
14848,0
14852,0
14856,0
14860,0
14864,0
14868,0
14872,0
14876,0
14880,0
14884,0
14888,0
14892,0
14896,0
14900,0
14904,0
14908,0
14912,0
14916,0
14920,0
14924,0
14928,0
14932,0
14936,0
14940,0
14944,0
14948,0
14952,0
14956,0
14960,0
14964,0
14968,0
14972,0
14976,0
14980,0
14984,0
14988,0
14992,0
14996,0
15000,0
15004,0
15008,0
15012,0
15016,0
15020,0
15024,0
15028,0
15032,34
15036,0
15040,0
15044,0
15048,0
15052,0
15056,0
15060,0
15064,0
15068,0
15072,0
15076,0
15080,0
15084,0
15088,0
15092,0
15096,0
15100,0
15104,0
15108,0
15112,0
15116,0
15120,0
15124,0
15128,0
15132,0
15136,0
15140,0
15144,0
15148,0
15152,0
15156,0
15160,0
15164,0
15168,0
15172,0
15176,0
15180,0
15184,0
15188,0
15192,0
15196,0
15200,0
15204,0
15208,0
15212,0
15216,0
15220,0
15224,0
15228,0
15232,0
15236,0
15240,0
15244,0
15248,0
15252,0
15256,0
15260,0
15264,0
15268,0
15272,0
15276,0
15280,0
15284,0
15288,190
15292,0
15296,0
15300,0
15304,0
15308,0
15312,0
15316,0
15320,0
15324,0
15328,0
15332,0
15336,0
15340,0
15344,0
15348,0
15352,0
15356,0
15360,0
15364,0
15368,0
15372,0
15376,0
15380,0
15384,0
15388,0
15392,0
15396,0
15400,0
15404,0
15408,0
15412,0
15416,0
15420,0
15424,0
15428,0
15432,0
15436,0
15440,0
15444,0
15448,0
15452,0
15456,0
15460,0
15464,0
15468,0
15472,0
15476,0
15480,0
15484,0
15488,0
15492,0
15496,0
15500,0
15504,0
15508,0
15512,0
15516,0
15520,0
15524,0
15528,0
15532,0
15536,0
15540,0
15544,140
15548,0
15552,0
15556,0
15560,0
15564,0
15568,0
15572,0
15576,0
15580,0
15584,0
15588,0
15592,0
15596,0
15600,0
15604,0
15608,0
15612,0
15616,0
15620,0
15624,0
15628,0
15632,0
15636,0
15640,0
15644,0
15648,0
15652,0
15656,0
15660,0
15664,0
15668,0
15672,0
15676,0
15680,0
15684,0
15688,0
15692,0
15696,0
15700,0
15704,0
15708,0
15712,0
15716,0
15720,0
15724,0
15728,0
15732,0
15736,0
15740,0
15744,0
15748,0
15752,0
15756,0
15760,0
15764,0
15768,0
15772,0
15776,0
15780,0
15784,0
15788,0
15792,0
15796,0
15800,-73
15804,0
15808,0
15812,0
15816,0
15820,0
15824,0
15828,0
15832,0
15836,0
15840,0
15844,0
15848,0
15852,0
15856,0
15860,0
15864,0
15868,0
15872,0
15876,0
15880,0
15884,0
15888,0
15892,0
15896,0
15900,0
15904,0
15908,0
15912,0
15916,0
15920,0
15924,0
15928,0
15932,0
15936,0
15940,0
15944,0
15948,0
15952,0
15956,0
15960,0
15964,0
15968,0
15972,0
15976,0
15980,0
15984,0
15988,0
15992,0
15996,0
16000,0
16004,0
16008,0
16012,0
16016,0
16020,0
16024,0
16028,0
16032,0
16036,0
16040,0
16044,0
16048,0
16052,0
16056,-392
16060,0
16064,0
16068,0
16072,0
16076,0
16080,0
16084,0
16088,0
16092,0
16096,0
16100,0
16104,0
16108,0
16112,0
16116,0
16120,0
16124,0
16128,0
16132,0
16136,0
16140,0
16144,0
16148,0
16152,0
16156,0
16160,0
16164,0
16168,0
16172,0
16176,0
16180,0
16184,0
16188,0
16192,0
16196,0
16200,0
16204,0
16208,0
16212,0
16216,0
16220,0
16224,0
16228,0
16232,0
16236,0
16240,0
16244,0
16248,0
16252,0
16256,0
16260,0
16264,0
16268,0
16272,0
16276,0
16280,0
16284,0
16288,0
16292,0
16296,0
16300,0
16304,0
16308,0
16312,110
16316,0
16320,0
16324,0
16328,0
16332,0
16336,0
16340,0
16344,0
16348,0
16352,0
16356,0
16360,0
16364,0
16368,0
16372,0
16376,0
16380,0
16384,0
16388,0
16392,0
16396,0
16400,0
16404,0
16408,0
16412,0
16416,0
16420,0
16424,0
16428,0
16432,0
16436,0
16440,0
16444,0
16448,0
16452,0
16456,0
16460,0
16464,0
16468,0
16472,0
16476,0
16480,0
16484,0
16488,0
16492,0
16496,0
16500,0
16504,0
16508,0
16512,0
16516,0
16520,0
16524,0
16528,0
16532,0
16536,0
16540,0
16544,0
16548,0
16552,0
16556,0
16560,0
16564,0
16568,-112
16572,0
16576,0
16580,0
16584,0
16588,0
16592,0
16596,0
16600,0
16604,0
16608,0
16612,0
16616,0
16620,0
16624,0
16628,0
16632,0
16636,0
16640,0
16644,0
16648,0
16652,0
16656,0
16660,0
16664,0
16668,0
16672,0
16676,0
16680,0
16684,0
16688,0
16692,0
16696,0
16700,0
16704,0
16708,0
16712,0
16716,0
16720,0
16724,0
16728,0
16732,0
16736,0
16740,0
16744,0
16748,0
16752,0
16756,0
16760,0
16764,0
16768,0
16772,0
16776,0
16780,0
16784,0
16788,0
16792,0
16796,0
16800,0
16804,0
16808,0
16812,0
16816,0
16820,0
16824,-186
16828,0
16832,0
16836,0
16840,0
16844,0
16848,0
16852,0
16856,0
16860,0
16864,0
16868,0
16872,0
16876,0
16880,0
16884,0
16888,0
16892,0
16896,0
16900,0
16904,0
16908,0
16912,0
16916,0
16920,0
16924,0
16928,0
16932,0
16936,0
16940,0
16944,0
16948,0
16952,0
16956,0
16960,0
16964,0
16968,0
16972,0
16976,0
16980,0
16984,0
16988,0
16992,0
16996,0
17000,0
17004,0
17008,0
17012,0
17016,0
17020,0
17024,0
17028,0
17032,0
17036,0
17040,0
17044,0
17048,0
17052,0
17056,0
17060,0
17064,0
17068,0
17072,0
17076,0
17080,-280
17084,0
17088,0
17092,0
17096,0
17100,0
17104,0
17108,0
17112,0
17116,0
17120,0
17124,0
17128,0
17132,0
17136,0
17140,0
17144,0
17148,0
17152,0
17156,0
17160,0
17164,0
17168,0
17172,0
17176,0
17180,0
17184,0
17188,0
17192,0
17196,0
17200,0
17204,0
17208,0
17212,0
17216,0
17220,0
17224,0
17228,0
17232,0
17236,0
17240,0
17244,0
17248,0
17252,0
17256,0
17260,0
17264,0
17268,0
17272,0
17276,0
17280,0
17284,0
17288,0
17292,0
17296,0
17300,0
17304,0
17308,0
17312,0
17316,0
17320,0
17324,0
17328,0
17332,0
17336,-200
17340,0
17344,0
17348,0
17352,0
17356,0
17360,0
17364,0
17368,0
17372,0
17376,0
17380,0
17384,0
17388,0
17392,0
17396,0
17400,0
17404,0
17408,0
17412,0
17416,0
17420,0
17424,0
17428,0
17432,0
17436,0
17440,0
17444,0
17448,0
17452,0
17456,0
17460,0
17464,0
17468,0
17472,0
17476,0
17480,0
17484,0
17488,0
17492,0
17496,0
17500,0
17504,0
17508,0
17512,0
17516,0
17520,0
17524,0
17528,0
17532,0
17536,0
17540,0
17544,0
17548,0
17552,0
17556,0
17560,0
17564,0
17568,0
17572,0
17576,0
17580,0
17584,0
17588,0
17592,-126
17596,0
17600,0
17604,0
17608,0
17612,0
17616,0
17620,0
17624,0
17628,0
17632,0
17636,0
17640,0
17644,0
17648,0
17652,0
17656,0
17660,0
17664,0
17668,0
17672,0
17676,0
17680,0
17684,0
17688,0
17692,0
17696,0
17700,0
17704,0
17708,0
17712,0
17716,0
17720,0
17724,0
17728,0
17732,0
17736,0
17740,0
17744,0
17748,0
17752,0
17756,0
17760,0
17764,0
17768,0
17772,0
17776,0
17780,0
17784,0
17788,0
17792,0
17796,0
17800,0
17804,0
17808,0
17812,0
17816,0
17820,0
17824,0
17828,0
17832,0
17836,0
17840,0
17844,0
17848,-292
17852,0
17856,0
17860,0
17864,0
17868,0
17872,0
17876,0
17880,0
17884,0
17888,0
17892,0
17896,0
17900,0
17904,0
17908,0
17912,0
17916,0
17920,0
17924,0
17928,0
17932,0
17936,0
17940,0
17944,0
17948,0
17952,0
17956,0
17960,0
17964,0
17968,0
17972,0
17976,0
17980,0
17984,0
17988,0
17992,0
17996,0
18000,0
18004,0
18008,0
18012,0
18016,0
18020,0
18024,0
18028,0
18032,0
18036,0
18040,0
18044,0
18048,0
18052,0
18056,0
18060,0
18064,0
18068,0
18072,0
18076,0
18080,0
18084,0
18088,0
18092,0
18096,0
18100,0
18104,-78
18108,0
18112,0
18116,0
18120,0
18124,0
18128,0
18132,0
18136,0
18140,0
18144,0
18148,0
18152,0
18156,0
18160,0
18164,0
18168,0
18172,0
18176,0
18180,0
18184,0
18188,0
18192,0
18196,0
18200,0
18204,0
18208,0
18212,0
18216,0
18220,0
18224,0
18228,0
18232,0
18236,0
18240,0
18244,0
18248,0
18252,0
18256,0
18260,0
18264,0
18268,0
18272,0
18276,0
18280,0
18284,0
18288,0
18292,0
18296,0
18300,0
18304,0
18308,0
18312,0
18316,0
18320,0
18324,0
18328,0
18332,0
18336,0
18340,0
18344,0
18348,0
18352,0
18356,0
18360,-176
18364,0
18368,0
18372,0
18376,0
18380,0
18384,0
18388,0
18392,0
18396,0
18400,0
18404,0
18408,0
18412,0
18416,0
18420,0
18424,0
18428,0
18432,0
18436,0
18440,0
18444,0
18448,0
18452,0
18456,0
18460,0
18464,0
18468,0
18472,0
18476,0
18480,0
18484,0
18488,0
18492,0
18496,0
18500,0
18504,0
18508,0
18512,0
18516,0
18520,0
18524,0
18528,0
18532,0
18536,0
18540,0
18544,0
18548,0
18552,0
18556,0
18560,0
18564,0
18568,0
18572,0
18576,0
18580,0
18584,0
18588,0
18592,0
18596,0
18600,0
18604,0
18608,0
18612,0
18616,-130
18620,0
18624,0
18628,0
18632,0
18636,0
18640,0
18644,0
18648,0
18652,0
18656,0
18660,0
18664,0
18668,0
18672,0
18676,0
18680,0
18684,0
18688,0
18692,0
18696,0
18700,0
18704,0
18708,0
18712,0
18716,0
18720,0
18724,0
18728,0
18732,0
18736,0
18740,0
18744,0
18748,0
18752,0
18756,0
18760,0
18764,0
18768,0
18772,0
18776,0
18780,0
18784,0
18788,0
18792,0
18796,0
18800,0
18804,0
18808,0
18812,0
18816,0
18820,0
18824,0
18828,0
18832,0
18836,0
18840,0
18844,0
18848,0
18852,0
18856,0
18860,0
18864,0
18868,0
18872,-149
18876,0
18880,0
18884,0
18888,0
18892,0
18896,0
18900,0
18904,0
18908,0
18912,0
18916,0
18920,0
18924,0
18928,0
18932,0
18936,0
18940,0
18944,0
18948,0
18952,0
18956,0
18960,0
18964,0
18968,0
18972,0
18976,0
18980,0
18984,0
18988,0
18992,0
18996,0
19000,0
19004,0
19008,0
19012,0
19016,0
19020,0
19024,0
19028,0
19032,0
19036,0
19040,0
19044,0
19048,0
19052,0
19056,0
19060,0
19064,0
19068,0
19072,0
19076,0
19080,0
19084,0
19088,0
19092,0
19096,0
19100,0
19104,0
19108,0
19112,0
19116,0
19120,0
19124,0
19128,-152
19132,0
19136,0
19140,0
19144,0
19148,0
19152,0
19156,0
19160,0
19164,0
19168,0
19172,0
19176,0
19180,0
19184,0
19188,0
19192,0
19196,0
19200,0
19204,0
19208,0
19212,0
19216,0
19220,0
19224,0
19228,0
19232,0
19236,0
19240,0
19244,0
19248,0
19252,0
19256,0
19260,0
19264,0
19268,0
19272,0
19276,0
19280,0
19284,0
19288,0
19292,0
19296,0
19300,0
19304,0
19308,0
19312,0
19316,0
19320,0
19324,0
19328,0
19332,0
19336,0
19340,0
19344,0
19348,0
19352,0
19356,0
19360,0
19364,0
19368,0
19372,0
19376,0
19380,0
19384,-184
19388,0
19392,0
19396,0
19400,0
19404,0
19408,0
19412,0
19416,0
19420,0
19424,0
19428,0
19432,0
19436,0
19440,0
19444,0
19448,0
19452,0
19456,0
19460,0
19464,0
19468,0
19472,0
19476,0
19480,0
19484,0
19488,0
19492,0
19496,0
19500,0
19504,0
19508,0
19512,0
19516,0
19520,0
19524,0
19528,0
19532,0
19536,0
19540,0
19544,0
19548,0
19552,0
19556,0
19560,0
19564,0
19568,0
19572,0
19576,0
19580,0
19584,0
19588,0
19592,0
19596,0
19600,0
19604,0
19608,0
19612,0
19616,0
19620,0
19624,0
19628,0
19632,0
19636,0
19640,317
19644,0
19648,0
19652,0
19656,0
19660,0
19664,0
19668,0
19672,0
19676,0
19680,0
19684,0
19688,0
19692,0
19696,0
19700,0
19704,0
19708,0
19712,0
19716,0
19720,0
19724,0
19728,0
19732,0
19736,0
19740,0
19744,0
19748,0
19752,0
19756,0
19760,0
19764,0
19768,0
19772,0
19776,0
19780,0
19784,0
19788,0
19792,0
19796,0
19800,0
19804,0
19808,0
19812,0
19816,0
19820,0
19824,0
19828,0
19832,0
19836,0
19840,0
19844,0
19848,0
19852,0
19856,0
19860,0
19864,0
19868,0
19872,0
19876,0
19880,0
19884,0
19888,0
19892,0
19896,58
19900,0
19904,0
19908,0
19912,0
19916,0
19920,0
19924,0
19928,0
19932,0
19936,0
19940,0
19944,0
19948,0
19952,0
19956,0
19960,0
19964,0
19968,0
19972,0
19976,0
19980,0
19984,0
19988,0
19992,0
19996,0
20000,0
20004,0
20008,0
20012,0
20016,0
20020,0
20024,0
20028,0
20032,0
20036,0
20040,0
20044,0
20048,0
20052,0
20056,0
20060,0
20064,0
20068,0
20072,0
20076,0
20080,0
20084,0
20088,0
20092,0
20096,0
20100,0
20104,0
20108,0
20112,0
20116,0
20120,0
20124,0
20128,0
20132,0
20136,0
20140,0
20144,0
20148,0
20152,-47
20156,0
20160,0
20164,0
20168,0
20172,0
20176,0
20180,0
20184,0
20188,0
20192,0
20196,0
20200,0
20204,0
20208,0
20212,0
20216,0
20220,0
20224,0
20228,0
20232,0
20236,0
20240,0
20244,0
20248,0
20252,0
20256,0
20260,0
20264,0
20268,0
20272,0
20276,0
20280,0
20284,0
20288,0
20292,0
20296,0
20300,0
20304,0
20308,0
20312,0
20316,0
20320,0
20324,0
20328,0
20332,0
20336,0
20340,0
20344,0
20348,0
20352,0
20356,0
20360,0
20364,0
20368,0
20372,0
20376,0
20380,0
20384,0
20388,0
20392,0
20396,0
20400,0
20404,0
20408,-349
20412,0
20416,0
20420,0
20424,0
20428,0
20432,0
20436,0
20440,0
20444,0
20448,0
20452,0
20456,0
20460,0
20464,0
20468,0
20472,0
20476,0
20480,0
20484,0
20488,0
20492,0
20496,0
20500,0
20504,0
20508,0
20512,0
20516,0
20520,0
20524,0
20528,0
20532,0
20536,0
20540,0
20544,0
20548,0
20552,0
20556,0
20560,0
20564,0
20568,0
20572,0
20576,0
20580,0
20584,0
20588,0
20592,0
20596,0
20600,0
20604,0
20608,0
20612,0
20616,0
20620,0
20624,0
20628,0
20632,0
20636,0
20640,0
20644,0
20648,0
20652,0
20656,0
20660,0
20664,57
20668,0
20672,0
20676,0
20680,0
20684,0
20688,0
20692,0
20696,0
20700,0
20704,0
20708,0
20712,0
20716,0
20720,0
20724,0
20728,0
20732,0
20736,0
20740,0
20744,0
20748,0
20752,0
20756,0
20760,0
20764,0
20768,0
20772,0
20776,0
20780,0
20784,0
20788,0
20792,0
20796,0
20800,0
20804,0
20808,0
20812,0
20816,0
20820,0
20824,0
20828,0
20832,0
20836,0
20840,0
20844,0
20848,0
20852,0
20856,0
20860,0
20864,0
20868,0
20872,0
20876,0
20880,0
20884,0
20888,0
20892,0
20896,0
20900,0
20904,0
20908,0
20912,0
20916,0
20920,-94
20924,0
20928,0
20932,0
20936,0
20940,0
20944,0
20948,0
20952,0
20956,0
20960,0
20964,0
20968,0
20972,0
20976,0
20980,0
20984,0
20988,0
20992,0
20996,0
21000,0
21004,0
21008,0
21012,0
21016,0
21020,0
21024,0
21028,0
21032,0
21036,0
21040,0
21044,0
21048,0
21052,0
21056,0
21060,0
21064,0
21068,0
21072,0
21076,0
21080,0
21084,0
21088,0
21092,0
21096,0
21100,0
21104,0
21108,0
21112,0
21116,0
21120,0
21124,0
21128,0
21132,0
21136,0
21140,0
21144,0
21148,0
21152,0
21156,0
21160,0
21164,0
21168,0
21172,0
21176,24
21180,0
21184,0
21188,0
21192,0
21196,0
21200,0
21204,0
21208,0
21212,0
21216,0
21220,0
21224,0
21228,0
21232,0
21236,0
21240,0
21244,0
21248,0
21252,0
21256,0
21260,0
21264,0
21268,0
21272,0
21276,0
21280,0
21284,0
21288,0
21292,0
21296,0
21300,0
21304,0
21308,0
21312,0
21316,0
21320,0
21324,0
21328,0
21332,0
21336,0
21340,0
21344,0
21348,0
21352,0
21356,0
21360,0
21364,0
21368,0
21372,0
21376,0
21380,0
21384,0
21388,0
21392,0
21396,0
21400,0
21404,0
21408,0
21412,0
21416,0
21420,0
21424,0
21428,0
21432,-150
21436,0
21440,0
21444,0
21448,0
21452,0
21456,0
21460,0
21464,0
21468,0
21472,0
21476,0
21480,0
21484,0
21488,0
21492,0
21496,0
21500,0
21504,0
21508,0
21512,0
21516,0
21520,0
21524,0
21528,0
21532,0
21536,0
21540,0
21544,0
21548,0
21552,0
21556,0
21560,0
21564,0
21568,0
21572,0
21576,0
21580,0
21584,0
21588,0
21592,0
21596,0
21600,0
21604,0
21608,0
21612,0
21616,0
21620,0
21624,0
21628,0
21632,0
21636,0
21640,0
21644,0
21648,0
21652,0
21656,0
21660,0
21664,0
21668,0
21672,0
21676,0
21680,0
21684,0
21688,157
21692,0
21696,0
21700,0
21704,0
21708,0
21712,0
21716,0
21720,0
21724,0
21728,0
21732,0
21736,0
21740,0
21744,0
21748,0
21752,0
21756,0
21760,0
21764,0
21768,0
21772,0
21776,0
21780,0
21784,0
21788,0
21792,0
21796,0
21800,0
21804,0
21808,0
21812,0
21816,0
21820,0
21824,0
21828,0
21832,0
21836,0
21840,0
21844,0
21848,0
21852,0
21856,0
21860,0
21864,0
21868,0
21872,0
21876,0
21880,0
21884,0
21888,0
21892,0
21896,0
21900,0
21904,0
21908,0
21912,0
21916,0
21920,0
21924,0
21928,0
21932,0
21936,0
21940,0
21944,-38
21948,0
21952,0
21956,0
21960,0
21964,0
21968,0
21972,0
21976,0
21980,0
21984,0
21988,0
21992,0
21996,0
22000,0
22004,0
22008,0
22012,0
22016,0
22020,0
22024,0
22028,0
22032,0
22036,0
22040,0
22044,0
22048,0
22052,0
22056,0
22060,0
22064,0
22068,0
22072,0
22076,0
22080,0
22084,0
22088,0
22092,0
22096,0
22100,0
22104,0
22108,0
22112,0
22116,0
22120,0
22124,0
22128,0
22132,0
22136,0
22140,0
22144,0
22148,0
22152,0
22156,0
22160,0
22164,0
22168,0
22172,0
22176,0
22180,0
22184,0
22188,0
22192,0
22196,0
22200,102
22204,0
22208,0
22212,0
22216,0
22220,0
22224,0
22228,0
22232,0
22236,0
22240,0
22244,0
22248,0
22252,0
22256,0
22260,0
22264,0
22268,0
22272,0
22276,0
22280,0
22284,0
22288,0
22292,0
22296,0
22300,0
22304,0
22308,0
22312,0
22316,0
22320,0
22324,0
22328,0
22332,0
22336,0
22340,0
22344,0
22348,0
22352,0
22356,0
22360,0
22364,0
22368,0
22372,0
22376,0
22380,0
22384,0
22388,0
22392,0
22396,0
22400,0
22404,0
22408,0
22412,0
22416,0
22420,0
22424,0
22428,0
22432,0
22436,0
22440,0
22444,0
22448,0
22452,0
22456,-128
22460,0
22464,0
22468,0
22472,0
22476,0
22480,0
22484,0
22488,0
22492,0
22496,0
22500,0
22504,0
22508,0
22512,0
22516,0
22520,0
22524,0
22528,0
22532,0
22536,0
22540,0
22544,0
22548,0
22552,0
22556,0
22560,0
22564,0
22568,0
22572,0
22576,0
22580,0
22584,0
22588,0
22592,0
22596,0
22600,0
22604,0
22608,0
22612,0
22616,0
22620,0
22624,0
22628,0
22632,0
22636,0
22640,0
22644,0
22648,0
22652,0
22656,0
22660,0
22664,0
22668,0
22672,0
22676,0
22680,0
22684,0
22688,0
22692,0
22696,0
22700,0
22704,0
22708,0
22712,-3
22716,0
22720,0
22724,0
22728,0
22732,0
22736,0
22740,0
22744,0
22748,0
22752,0
22756,0
22760,0
22764,0
22768,0
22772,0
22776,0
22780,0
22784,0
22788,0
22792,0
22796,0
22800,0
22804,0
22808,0
22812,0
22816,0
22820,0
22824,0
22828,0
22832,0
22836,0
22840,0
22844,0
22848,0
22852,0
22856,0
22860,0
22864,0
22868,0
22872,0
22876,0
22880,0
22884,0
22888,0
22892,0
22896,0
22900,0
22904,0
22908,0
22912,0
22916,0
22920,0
22924,0
22928,0
22932,0
22936,0
22940,0
22944,0
22948,0
22952,0
22956,0
22960,0
22964,0
22968,-56
22972,0
22976,0
22980,0
22984,0
22988,0
22992,0
22996,0
23000,0
23004,0
23008,0
23012,0
23016,0
23020,0
23024,0
23028,0
23032,0
23036,0
23040,0
23044,0
23048,0
23052,0
23056,0
23060,0
23064,0
23068,0
23072,0
23076,0
23080,0
23084,0
23088,0
23092,0
23096,0
23100,0
23104,0
23108,0
23112,0
23116,0
23120,0
23124,0
23128,0
23132,0
23136,0
23140,0
23144,0
23148,0
23152,0
23156,0
23160,0
23164,0
23168,0
23172,0
23176,0
23180,0
23184,0
23188,0
23192,0
23196,0
23200,0
23204,0
23208,0
23212,0
23216,0
23220,0
23224,-70
23228,0
23232,0
23236,0
23240,0
23244,0
23248,0
23252,0
23256,0
23260,0
23264,0
23268,0
23272,0
23276,0
23280,0
23284,0
23288,0
23292,0
23296,0
23300,0
23304,0
23308,0
23312,0
23316,0
23320,0
23324,0
23328,0
23332,0
23336,0
23340,0
23344,0
23348,0
23352,0
23356,0
23360,0
23364,0
23368,0
23372,0
23376,0
23380,0
23384,0
23388,0
23392,0
23396,0
23400,0
23404,0
23408,0
23412,0
23416,0
23420,0
23424,0
23428,0
23432,0
23436,0
23440,0
23444,0
23448,0
23452,0
23456,0
23460,0
23464,0
23468,0
23472,0
23476,0
23480,81
23484,0
23488,0
23492,0
23496,0
23500,0
23504,0
23508,0
23512,0
23516,0
23520,0
23524,0
23528,0
23532,0
23536,0
23540,0
23544,0
23548,0
23552,0
23556,0
23560,0
23564,0
23568,0
23572,0
23576,0
23580,0
23584,0
23588,0
23592,0
23596,0
23600,0
23604,0
23608,0
23612,0
23616,0
23620,0
23624,0
23628,0
23632,0
23636,0
23640,0
23644,0
23648,0
23652,0
23656,0
23660,0
23664,0
23668,0
23672,0
23676,0
23680,0
23684,0
23688,0
23692,0
23696,0
23700,0
23704,0
23708,0
23712,0
23716,0
23720,0
23724,0
23728,0
23732,0
23736,74
23740,0
23744,0
23748,0
23752,0
23756,0
23760,0
23764,0
23768,0
23772,0
23776,0
23780,0
23784,0
23788,0
23792,0
23796,0
23800,0
23804,0
23808,0
23812,0
23816,0
23820,0
23824,0
23828,0
23832,0
23836,0
23840,0
23844,0
23848,0
23852,0
23856,0
23860,0
23864,0
23868,0
23872,0
23876,0
23880,0
23884,0
23888,0
23892,0
23896,0
23900,0
23904,0
23908,0
23912,0
23916,0
23920,0
23924,0
23928,0
23932,0
23936,0
23940,0
23944,0
23948,0
23952,0
23956,0
23960,0
23964,0
23968,0
23972,0
23976,0
23980,0
23984,0
23988,0
23992,-12
23996,0
24000,0
24004,0
24008,0
24012,0
24016,0
24020,0
24024,0
24028,0
24032,0
24036,0
24040,0
24044,0
24048,0
24052,0
24056,0
24060,0
24064,0
24068,0
24072,0
24076,0
24080,0
24084,0
24088,0
24092,0
24096,0
24100,0
24104,0
24108,0
24112,0
24116,0
24120,0
24124,0
24128,0
24132,0
24136,0
24140,0
24144,0
24148,0
24152,0
24156,0
24160,0
24164,0
24168,0
24172,0
24176,0
24180,0
24184,0
24188,0
24192,0
24196,0
24200,0
24204,0
24208,0
24212,0
24216,0
24220,0
24224,0
24228,0
24232,0
24236,0
24240,0
24244,0
24248,-15
24252,0
24256,0
24260,0
24264,0
24268,0
24272,0
24276,0
24280,0
24284,0
24288,0
24292,0
24296,0
24300,0
24304,0
24308,0
24312,0
24316,0
24320,0
24324,0
24328,0
24332,0
24336,0
24340,0
24344,0
24348,0
24352,0
24356,0
24360,0
24364,0
24368,0
24372,0
24376,0
24380,0
24384,0
24388,0
24392,0
24396,0
24400,0
24404,0
24408,0
24412,0
24416,0
24420,0
24424,0
24428,0
24432,0
24436,0
24440,0
24444,0
24448,0
24452,0
24456,0
24460,0
24464,0
24468,0
24472,0
24476,0
24480,0
24484,0
24488,0
24492,0
24496,0
24500,0
24504,-144
24508,0
24512,0
24516,0
24520,0
24524,0
24528,0
24532,0
24536,0
24540,0
24544,0
24548,0
24552,0
24556,0
24560,0
24564,0
24568,0
24572,0
24576,0
24580,0
24584,0
24588,0
24592,0
24596,0
24600,0
24604,0
24608,0
24612,0
24616,0
24620,0
24624,0
24628,0
24632,0
24636,0
24640,0
24644,0
24648,0
24652,0
24656,0
24660,0
24664,0
24668,0
24672,0
24676,0
24680,0
24684,0
24688,0
24692,0
24696,0
24700,0
24704,0
24708,0
24712,0
24716,0
24720,0
24724,0
24728,0
24732,0
24736,0
24740,0
24744,0
24748,0
24752,0
24756,0
24760,-339
24764,0
24768,0
24772,0
24776,0
24780,0
24784,0
24788,0
24792,0
24796,0
24800,0
24804,0
24808,0
24812,0
24816,0
24820,0
24824,0
24828,0
24832,0
24836,0
24840,0
24844,0
24848,0
24852,0
24856,0
24860,0
24864,0
24868,0
24872,0
24876,0
24880,0
24884,0
24888,0
24892,0
24896,0
24900,0
24904,0
24908,0
24912,0
24916,0
24920,0
24924,0
24928,0
24932,0
24936,0
24940,0
24944,0
24948,0
24952,0
24956,0
24960,0
24964,0
24968,0
24972,0
24976,0
24980,0
24984,0
24988,0
24992,0
24996,0
25000,0
25004,0
25008,0
25012,0
25016,138
25020,0
25024,0
25028,0
25032,0
25036,0
25040,0
25044,0
25048,0
25052,0
25056,0
25060,0
25064,0
25068,0
25072,0
25076,0
25080,0
25084,0
25088,0
25092,0
25096,0
25100,0
25104,0
25108,0
25112,0
25116,0
25120,0
25124,0
25128,0
25132,0
25136,0
25140,0
25144,0
25148,0
25152,0
25156,0
25160,0
25164,0
25168,0
25172,0
25176,0
25180,0
25184,0
25188,0
25192,0
25196,0
25200,0
25204,0
25208,0
25212,0
25216,0
25220,0
25224,0
25228,0
25232,0
25236,0
25240,0
25244,0
25248,0
25252,0
25256,0
25260,0
25264,0
25268,0
25272,147
25276,0
25280,0
25284,0
25288,0
25292,0
25296,0
25300,0
25304,0
25308,0
25312,0
25316,0
25320,0
25324,0
25328,0
25332,0
25336,0
25340,0
25344,0
25348,0
25352,0
25356,0
25360,0
25364,0
25368,0
25372,0
25376,0
25380,0
25384,0
25388,0
25392,0
25396,0
25400,0
25404,0
25408,0
25412,0
25416,0
25420,0
25424,0
25428,0
25432,0
25436,0
25440,0
25444,0
25448,0
25452,0
25456,0
25460,0
25464,0
25468,0
25472,0
25476,0
25480,0
25484,0
25488,0
25492,0
25496,0
25500,0
25504,0
25508,0
25512,0
25516,0
25520,0
25524,0
25528,374
25532,0
25536,0
25540,0
25544,0
25548,0
25552,0
25556,0
25560,0
25564,0
25568,0
25572,0
25576,0
25580,0
25584,0
25588,0
25592,0
25596,0
25600,0
25604,0
25608,0
25612,0
25616,0
25620,0
25624,0
25628,0
25632,0
25636,0
25640,0
25644,0
25648,0
25652,0
25656,0
25660,0
25664,0
25668,0
25672,0
25676,0
25680,0
25684,0
25688,0
25692,0
25696,0
25700,0
25704,0
25708,0
25712,0
25716,0
25720,0
25724,0
25728,0
25732,0
25736,0
25740,0
25744,0
25748,0
25752,0
25756,0
25760,0
25764,0
25768,0
25772,0
25776,0
25780,0
25784,105
25788,0
25792,0
25796,0
25800,0
25804,0
25808,0
25812,0
25816,0
25820,0
25824,0
25828,0
25832,0
25836,0
25840,0
25844,0
25848,0
25852,0
25856,0
25860,0
25864,0
25868,0
25872,0
25876,0
25880,0
25884,0
25888,0
25892,0
25896,0
25900,0
25904,0
25908,0
25912,0
25916,0
25920,0
25924,0
25928,0
25932,0
25936,0
25940,0
25944,0
25948,0
25952,0
25956,0
25960,0
25964,0
25968,0
25972,0
25976,0
25980,0
25984,0
25988,0
25992,0
25996,0
26000,0
26004,0
26008,0
26012,0
26016,0
26020,0
26024,0
26028,0
26032,0
26036,0
26040,-156
26044,0
26048,0
26052,0
26056,0
26060,0
26064,0
26068,0
26072,0
26076,0
26080,0
26084,0
26088,0
26092,0
26096,0
26100,0
26104,0
26108,0
26112,0
26116,0
26120,0
26124,0
26128,0
26132,0
26136,0
26140,0
26144,0
26148,0
26152,0
26156,0
26160,0
26164,0
26168,0
26172,0
26176,0
26180,0
26184,0
26188,0
26192,0
26196,0
26200,0
26204,0
26208,0
26212,0
26216,0
26220,0
26224,0
26228,0
26232,0
26236,0
26240,0
26244,0
26248,0
26252,0
26256,0
26260,0
26264,0
26268,0
26272,0
26276,0
26280,0
26284,0
26288,0
26292,0
26296,-253
26300,0
26304,0
26308,0
26312,0
26316,0
26320,0
26324,0
26328,0
26332,0
26336,0
26340,0
26344,0
26348,0
26352,0
26356,0
26360,0
26364,0
26368,0
26372,0
26376,0
26380,0
26384,0
26388,0
26392,0
26396,0
26400,0
26404,0
26408,0
26412,0
26416,0
26420,0
26424,0
26428,0
26432,0
26436,0
26440,0
26444,0
26448,0
26452,0
26456,0
26460,0
26464,0
26468,0
26472,0
26476,0
26480,0
26484,0
26488,0
26492,0
26496,0
26500,0
26504,0
26508,0
26512,0
26516,0
26520,0
26524,0
26528,0
26532,0
26536,0
26540,0
26544,0
26548,0
26552,0
26556,0
26560,0
26564,0
26568,0
26572,0
26576,0
26580,0
26584,0
26588,0
26592,0
26596,0
26600,0
26604,0
26608,0
26612,0
26616,0
26620,0
26624,0
26628,0
26632,0
26636,0
26640,0
26644,0
26648,0
26652,0
26656,0
26660,0
26664,0
26668,0
26672,0
26676,0
26680,0
26684,0
26688,0
26692,0
26696,0
26700,0
26704,0
26708,0
26712,0
26716,0
26720,0
26724,0
26728,0
26732,0
26736,0
26740,0
26744,0
26748,0
26752,0
26756,0
26760,0
26764,0
26768,0
26772,0
26776,0
26780,0
26784,0
26788,0
26792,0
26796,0
26800,0
26804,0
26808,0
