0,24608
4,22304
8,29216
12,26912
16,31520
20000,5
20004,3
20008,4
20012,-2
20016,3
20020,3
20024,-5
20028,0
20032,-2
20036,5
20040,4
20044,4
20048,5
20052,0
20056,2
20060,1
20064,-5
20068,-1
20072,2
20076,3
20080,5
20084,-4
20088,5
20092,1
20096,-3
20100,-3
20104,-4
20108,-2
20112,5
20116,0
20120,3
20124,-4
20128,5
20132,3
20136,2
20140,3
20144,-4
20148,-5
20152,0
20156,-1
20160,-4
20164,0
20168,-1
20172,2
20176,1
20180,-5
20184,-5
20188,4
20192,-3
20196,-1
20200,0
20204,3
20208,3
20212,2
20216,0
20220,-4
20224,-4
20228,-4
20232,0
20236,0
20240,2
20244,5
20248,-1
20252,-2
20256,-5
20260,-5
20264,-5
20268,-5
20272,-3
20276,-3
20280,2
20284,-5
20288,0
20292,-5
20296,-4
20300,-1
20304,-4
20308,-3
20312,-3
20316,-1
20320,5
20324,3
20328,-5
20332,5
20336,1
20340,-5
20344,-1
20348,-4
20352,0
20356,-4
20360,3
20364,3
20368,2
20372,-5
20376,-5
20380,4
20384,-4
20388,2
20392,3
20396,2
20400,-1
20404,5
20408,-5
20412,-5
20416,-1
20420,-2
20424,-5
20428,3
20432,-3
20436,2
20440,-3
20444,-4
20448,-2
20452,-3
20456,-1
20460,-4
20464,-3
20468,-3
20472,2
20476,-2
20480,-1
20484,-4
20488,1
20492,2
20496,4
20500,-4
20504,-5
20508,-5
20512,0
20516,3
20520,-1
20524,3
20528,3
20532,-2
20536,-1
20540,4
20544,5
20548,-3
20552,0
20556,-1
20560,2
20564,4
20568,5
20572,-4
20576,4
20580,-5
20584,2
20588,-1
20592,5
20596,3
20600,5
20604,3
20608,-1
20612,-4
20616,-1
20620,-5
20624,0
20628,1
20632,2
20636,-5
20640,2
20644,3
20648,-4
20652,0
20656,-2
20660,5
20664,1
20668,4
20672,-4
20676,-2
20680,2
20684,-1
20688,4
20692,-5
20696,3
20700,-1
20704,2
20708,5
20712,3
20716,0
20720,1
20724,2
20728,5
20732,-2
20736,0
20740,-4
20744,3
20748,4
20752,-3
20756,4
20760,3
20764,4
20768,-1
20772,0
20776,-5
20780,3
20784,2
20788,-4
20792,-3
20796,0
20800,-3
20804,5
20808,5
20812,2
20816,1
20820,2
20824,4
20828,-4
20832,0
20836,2
20840,0
20844,4
20848,2
20852,-3
20856,1
20860,-1
20864,3
20868,5
20872,-1
20876,4
20880,-2
20884,3
20888,0
20892,1
20896,5
20900,-2
20904,3
20908,-1
20912,-3
20916,2
20920,2
20924,-3
20928,-3
20932,-5
20936,2
20940,5
20944,0
20948,-5
20952,5
20956,-2
20960,5
20964,-2
20968,0
20972,0
20976,-1
20980,5
20984,2
20988,-3
20992,-3
20996,1
21000,1
21004,-2
21008,1
21012,2
21016,2
21020,-5
21024,3
21028,4
21032,-1
21036,5
21040,0
21044,-1
21048,5
21052,0
21056,-5
21060,-2
21064,0
21068,-1
21072,-3
21076,0
21080,-4
21084,2
21088,4
21092,1
21096,-5
21100,-4
21104,2
21108,-5
21112,-2
21116,2
21120,4
21124,-2
21128,5
21132,0
21136,1
21140,-4
21144,0
21148,-2
21152,1
21156,3
21160,0
21164,1
21168,2
21172,-5
21176,-3
21180,-4
21184,1
21188,-3
21192,-3
21196,0
21200,5
21204,2
21208,-4
21212,-1
21216,2
21220,5
21224,4
21228,-2
21232,-4
21236,5
21240,-3
21244,-2
21248,-4
21252,0
21256,-1
21260,0
21264,5
21268,-3
21272,-1
21276,-4
21280,-2
21284,-3
21288,-4
21292,5
21296,-1
21300,0
21304,3
21308,-2
21312,-4
21316,-3
21320,1
21324,0
21328,2
21332,-4
21336,-2
21340,5
21344,4
21348,-2
21352,0
21356,-5
21360,2
21364,-3
21368,1
21372,5
21376,-5
21380,-4
21384,-5
21388,-1
21392,1
21396,0
21400,1
21404,5
21408,-1
21412,4
21416,2
21420,-5
21424,-1
21428,-3
21432,5
21436,3
21440,4
21444,3
21448,-3
21452,3
21456,5
21460,3
21464,5
21468,-1
21472,3
21476,-5
21480,-1
21484,2
21488,5
21492,4
21496,0
21500,4
21504,1
21508,-1
21512,1
21516,-2
21520,-5
21524,1
21528,-2
21532,-4
21536,-1
21540,-4
21544,0
21548,-4
21552,3
21556,4
21560,-2
21564,-5
21568,-4
21572,-1
21576,3
21580,0
21584,-1
21588,-2
21592,0
21596,-5
21600,3
21604,5
21608,2
21612,-1
21616,-2
21620,-2
21624,1
21628,-4
21632,2
21636,4
21640,-4
21644,-3
21648,-5
21652,2
21656,-4
21660,0
21664,-3
21668,-3
21672,-4
21676,-2
21680,5
21684,-1
21688,-2
21692,5
21696,3
21700,-5
21704,1
21708,3
21712,-2
21716,4
21720,2
21724,-4
21728,3
21732,-3
21736,5
21740,3
21744,-5
21748,-1
21752,3
21756,3
21760,1
21764,-1
21768,-2
21772,-5
21776,-1
21780,-5
21784,0
21788,5
21792,-3
21796,-3
21800,1
21804,-3
21808,-5
21812,-1
21816,-4
21820,0
21824,0
21828,1
21832,0
21836,4
21840,0
21844,-1
21848,4
21852,1
21856,-3
21860,-4
21864,-4
21868,-1
21872,3
21876,3
21880,2
21884,0
21888,3
21892,2
21896,-4
21900,4
21904,-1
21908,1
21912,-2
21916,5
21920,1
21924,-4
21928,1
21932,3
21936,-5
21940,1
21944,-4
21948,5
21952,-1
21956,-1
21960,3
21964,2
21968,3
21972,-5
21976,-3
21980,1
21984,-5
21988,-2
21992,3
21996,-5
22000,-2
22004,3
22008,-4
22012,0
22016,-3
22020,3
22024,-2
22028,-2
22032,0
22036,-3
22040,1
22044,4
22048,-3
22052,-4
22056,-1
22060,-3
22064,4
22068,4
22072,-5
22076,3
22080,-2
22084,-4
22088,-3
22092,-3
22096,-4
22100,0
22104,3
22108,5
22112,-2
22116,-1
22120,-2
22124,-1
22128,1
22132,-3
22136,1
22140,-1
22144,-1
22148,-4
22152,5
22156,2
22160,-4
22164,-5
22168,-2
22172,4
22176,1
22180,-5
22184,4
22188,1
22192,-4
22196,-5
22200,-3
22204,-5
22208,-4
22212,3
22216,-1
22220,-1
22224,4
22228,4
22232,1
22236,-1
22240,-4
22244,-4
22248,0
22252,0
22256,-4
22260,1
22264,1
22268,-1
22272,2
22276,2
22280,5
22284,3
22288,-3
22292,0
22296,0
22300,-2
22304,4
22308,3
22312,3
22316,-5
22320,5
22324,-3
22328,2
22332,2
22336,1
22340,-4
22344,5
22348,-2
22352,-1
22356,-3
22360,5
22364,-5
22368,-4
22372,0
22376,-4
22380,-4
22384,-2
22388,3
22392,-4
22396,1
22400,-1
22404,-5
22408,-1
22412,1
22416,4
22420,-3
22424,4
22428,-4
22432,-4
22436,-4
22440,1
22444,3
22448,-2
22452,-3
22456,5
22460,4
22464,0
22468,4
22472,-2
22476,-3
22480,1
22484,-4
22488,-2
22492,-3
22496,4
22500,4
22504,-2
22508,-2
22512,2
22516,-4
22520,-2
22524,2
22528,-2
22532,1
22536,3
22540,0
22544,5
22548,-5
22552,-5
22556,0
22560,0
22564,-1
22568,5
22572,3
22576,2
22580,1
22584,-4
22588,5
22592,-1
22596,0
22600,-4
22604,1
22608,1
22612,-4
22616,1
22620,0
22624,-2
22628,-3
22632,-2
22636,-1
22640,3
22644,-1
22648,-3
22652,1
22656,-5
22660,-3
22664,4
22668,-5
22672,3
22676,-4
22680,2
22684,-3
22688,1
22692,-4
22696,0
22700,-5
22704,1
22708,1
22712,0
22716,2
22720,-5
22724,1
22728,-2
22732,4
22736,5
22740,-4
22744,2
22748,1
22752,-3
22756,0
22760,-2
22764,4
22768,5
22772,1
22776,-3
22780,-4
22784,-4
22788,5
22792,-2
22796,1
22800,0
22804,-5
22808,2
22812,-3
22816,-3
22820,4
22824,1
22828,-3
22832,-1
22836,-2
22840,-1
22844,-3
22848,-3
22852,0
22856,-2
22860,-1
22864,-2
22868,1
22872,-4
22876,5
22880,2
22884,-4
22888,-1
22892,1
22896,1
22900,4
22904,1
22908,5
22912,4
22916,-3
22920,-1
22924,3
22928,0
22932,4
22936,-1
22940,0
22944,5
22948,2
22952,5
22956,-2
22960,3
22964,3
22968,4
22972,-2
22976,1
22980,1
22984,2
22988,-2
22992,5
22996,-4
23000,5
23004,0
23008,-5
23012,0
23016,1
23020,4
23024,3
23028,1
23032,5
23036,-2
23040,4
23044,-1
23048,2
23052,-3
23056,4
23060,-1
23064,-5
23068,-5
23072,4
23076,-5
23080,4
23084,-4
23088,-3
23092,-1
23096,-3
23100,1
23104,-5
23108,3
23112,-4
23116,-1
23120,-1
23124,5
23128,4
23132,-5
23136,-1
23140,1
23144,2
23148,-1
23152,0
23156,-4
23160,-4
23164,1
23168,0
23172,0
23176,1
23180,-4
23184,-5
23188,-1
23192,4
23196,-1
23200,4
23204,5
23208,4
23212,-5
23216,4
23220,0
23224,-2
23228,2
23232,-3
23236,1
23240,-4
23244,0
23248,3
23252,1
23256,3
23260,4
23264,0
23268,-3
23272,-4
23276,-2
23280,3
23284,-2
23288,5
23292,2
23296,2
23300,1
23304,-3
23308,0
23312,0
23316,5
23320,3
23324,-1
23328,-4
23332,-4
23336,-4
23340,-2
23344,-3
23348,5
23352,-1
23356,2
23360,0
23364,1
23368,-2
23372,-2
23376,3
23380,-5
23384,-5
23388,0
23392,1
23396,-1
23400,-3
23404,-4
23408,2
23412,0
23416,1
23420,3
23424,1
23428,4
23432,-5
23436,4
23440,1
23444,2
23448,-4
23452,1
23456,2
23460,2
23464,3
23468,-5
23472,2
23476,0
23480,-3
23484,4
23488,-1
23492,-4
23496,5
23500,1
23504,0
23508,-4
23512,4
23516,1
23520,-3
23524,2
23528,4
23532,-2
23536,-5
23540,5
23544,-2
23548,-5
23552,3
23556,4
23560,1
23564,-5
23568,-3
23572,2
23576,2
23580,2
23584,3
23588,-5
23592,-4
23596,3
23600,-3
23604,-2
23608,-5
23612,2
23616,-5
23620,2
23624,-3
23628,-5
23632,2
23636,3
23640,1
23644,1
23648,4
23652,4
23656,1
23660,4
23664,2
23668,-4
23672,3
23676,5
23680,1
23684,-2
23688,-5
23692,3
23696,-4
23700,2
23704,4
23708,-3
23712,0
23716,5
23720,2
23724,-4
23728,-1
23732,-4
23736,-1
23740,0
23744,2
23748,2
23752,1
23756,3
23760,-5
23764,4
23768,-5
23772,-5
23776,-3
23780,-2
23784,-1
23788,-2
23792,5
23796,5
23800,-2
23804,-4
23808,5
23812,-3
23816,1
23820,4
23824,4
23828,1
23832,-2
23836,-3
23840,-4
23844,-1
23848,-3
23852,-2
23856,-5
23860,-4
23864,-4
23868,-3
23872,2
23876,-5
23880,1
23884,-2
23888,-1
23892,2
23896,-2
23900,4
23904,-1
23908,3
23912,-5
23916,-5
23920,3
23924,-4
23928,-4
23932,5
23936,-4
23940,3
23944,5
23948,0
23952,-5
23956,5
23960,1
23964,0
23968,1
23972,-4
23976,-4
23980,5
23984,-5
23988,5
23992,1
23996,5
24000,-2
24004,-3
24008,1
24012,-3
24016,-3
24020,-3
24024,-4
24028,2
24032,0
24036,-1
24040,1
24044,-3
24048,2
24052,-5
24056,-1
24060,5
24064,3
24068,3
24072,-2
24076,0
24080,-1
24084,3
24088,4
24092,-3
24096,-4
24100,4
24104,0
24108,4
24112,2
24116,3
24120,4
24124,-3
24128,3
24132,5
24136,4
24140,4
24144,-5
24148,-3
24152,1
24156,5
24160,-4
24164,2
24168,-2
24172,5
24176,4
24180,0
24184,3
24188,1
24192,1
24196,5
24200,2
24204,-2
24208,-1
24212,-4
24216,3
24220,-4
24224,3
24228,5
24232,1
24236,2
24240,-3
24244,-5
24248,2
24252,-3
24256,5
24260,-3
24264,-2
24268,-1
24272,5
24276,-1
24280,1
24284,-1
24288,4
24292,-2
24296,-3
24300,-1
24304,-2
24308,-2
24312,-1
24316,2
24320,-3
24324,-2
24328,-1
24332,1
24336,-2
24340,2
24344,-5
24348,-3
24352,-3
24356,5
24360,0
24364,3
24368,-1
24372,0
24376,2
24380,2
24384,4
24388,5
24392,0
24396,-3
24400,4
24404,-1
24408,1
24412,2
24416,-5
24420,-5
24424,2
24428,-2
24432,5
24436,-4
24440,1
24444,0
24448,-5
24452,5
24456,5
24460,3
24464,-4
24468,-2
24472,-1
24476,-2
24480,4
24484,-5
24488,3
24492,5
24496,-5
24500,5
24504,-2
24508,-1
24512,-3
24516,5
24520,5
24524,-3
24528,3
24532,0
24536,-4
24540,-3
24544,5
24548,-3
24552,-4
24556,3
24560,0
24564,1
24568,2
24572,-3
24576,1
24580,2
24584,3
24588,5
24592,-3
24596,-3
24600,-5
24604,0
24608,5
24612,0
24616,-1
24620,5
24624,4
24628,-3
24632,-3
24636,-4
24640,-5
24644,5
24648,0
24652,-3
24656,-3
24660,1
24664,4
24668,-3
24672,0
24676,-2
24680,2
24684,5
24688,2
24692,-4
24696,-3
24700,4
24704,5
24708,1
24712,0
24716,5
24720,3
24724,-5
24728,3
24732,3
24736,-5
24740,-5
24744,-2
24748,1
24752,-5
24756,2
24760,-4
24764,-1
24768,5
24772,-5
24776,4
24780,5
24784,4
24788,5
24792,4
24796,2
24800,-2
24804,-4
24808,4
24812,-1
24816,5
24820,0
24824,3
24828,1
24832,-4
24836,1
24840,-2
24844,-3
24848,-3
24852,4
24856,-2
24860,0
24864,1
24868,-1
24872,-5
24876,-3
24880,3
24884,-2
24888,-5
24892,4
24896,4
24900,1
24904,-2
24908,3
24912,4
24916,3
24920,0
24924,3
24928,-5
24932,2
24936,-5
24940,4
24944,1
24948,1
24952,-5
24956,0
24960,-2
24964,0
24968,5
24972,0
24976,-2
24980,2
24984,-5
24988,-3
24992,5
24996,0
25000,4
25004,1
25008,5
25012,1
25016,5
25020,-4
25024,3
25028,0
25032,4
25036,5
25040,3
25044,2
25048,3
25052,5
25056,-3
25060,-1
25064,-5
25068,5
25072,-4
25076,1
25080,-4
25084,1
25088,0
25092,-1
25096,-2
25100,3
25104,-2
25108,2
25112,3
25116,1
25120,-5
25124,2
25128,5
25132,2
25136,5
25140,-2
25144,3
25148,3
25152,3
25156,-2
25160,-4
25164,-4
25168,4
25172,-5
25176,-2
25180,2
25184,-3
25188,-3
25192,4
25196,-4
25200,3
25204,-4
25208,-4
25212,5
25216,0
25220,-5
25224,-2
25228,-4
25232,5
25236,-5
25240,-3
25244,3
25248,3
25252,-5
25256,0
25260,-1
25264,3
25268,-3
25272,-2
25276,2
25280,1
25284,4
25288,-2
25292,5
25296,3
25300,2
25304,-3
25308,1
25312,-1
25316,4
25320,1
25324,2
25328,-4
25332,-1
25336,3
25340,3
25344,1
25348,-3
25352,4
25356,1
25360,-2
25364,-4
25368,-1
25372,1
25376,-2
25380,2
25384,-3
25388,4
25392,-4
25396,4
25400,5
25404,0
25408,4
25412,-2
25416,1
25420,2
25424,-2
25428,1
25432,5
25436,5
25440,5
25444,5
25448,-2
25452,3
25456,4
25460,3
25464,-2
25468,-3
25472,-4
25476,3
25480,5
25484,-4
25488,-4
25492,0
25496,2
25500,2
25504,-5
25508,0
25512,-5
25516,-3
25520,1
25524,4
25528,-2
25532,-1
25536,3
25540,0
25544,-4
25548,-5
25552,1
25556,-4
25560,0
25564,-3
25568,0
25572,-3
25576,5
25580,5
25584,-5
25588,-1
25592,-1
25596,3
25600,4
25604,-2
25608,-5
25612,4
25616,5
25620,-4
25624,1
25628,1
25632,2
25636,-4
25640,-4
25644,-2
25648,-1
25652,4
25656,2
25660,0
25664,3
25668,-2
25672,2
25676,1
25680,-3
25684,2
25688,3
25692,4
25696,-3
25700,3
25704,-5
25708,-1
25712,-1
25716,1
25720,-3
25724,-3
25728,-2
25732,1
25736,1
25740,3
25744,-5
25748,2
25752,2
25756,-5
25760,-2
25764,-1
25768,2
25772,4
25776,3
25780,4
25784,5
25788,4
25792,-4
25796,4
25800,4
25804,0
25808,5
25812,-4
25816,-5
25820,4
25824,4
25828,1
25832,-1
25836,5
25840,-3
25844,5
25848,5
25852,1
25856,1
25860,4
25864,-2
25868,5
25872,2
25876,1
25880,-3
25884,1
25888,2
25892,-5
25896,3
25900,-1
25904,2
25908,-4
25912,5
25916,2
25920,-4
25924,-4
25928,2
25932,3
25936,-4
25940,-5
25944,3
25948,-1
25952,1
25956,-1
25960,-4
25964,-4
25968,2
25972,-5
25976,3
25980,3
25984,-4
25988,2
25992,3
25996,-4
26000,1
26004,2
26008,-5
26012,-3
26016,-1
26020,4
26024,-4
26028,-2
26032,-3
26036,0
26040,-1
26044,-5
26048,4
26052,-5
26056,0
26060,-3
26064,-5
26068,-5
26072,-3
26076,4
26080,-2
26084,5
26088,-1
26092,-2
26096,1
26100,-3
26104,4
26108,-2
26112,-5
26116,2
26120,-3
26124,3
26128,0
26132,4
26136,0
26140,4
26144,-2
26148,4
26152,1
26156,-1
26160,-3
26164,5
26168,-1
26172,-1
26176,0
26180,0
26184,3
26188,2
26192,2
26196,0
26200,-5
26204,-3
26208,-1
26212,-4
26216,-1
26220,4
26224,-3
26228,3
26232,-1
26236,-1
26240,2
26244,-4
26248,-2
26252,3
26256,4
26260,-1
26264,-2
26268,-5
26272,2
26276,-2
26280,4
26284,3
26288,5
26292,2
26296,5
26300,4
26304,-2
26308,1
26312,-1
26316,-1
26320,4
26324,2
26328,0
26332,-4
26336,5
26340,0
26344,-5
26348,1
26352,1
26356,4
26360,-2
26364,-5
26368,4
26372,-2
26376,-4
26380,-2
26384,3
26388,-1
26392,0
26396,3
26400,1
26404,-4
26408,2
26412,4
26416,2
26420,2
26424,-3
26428,5
26432,1
26436,0
26440,1
26444,5
26448,-3
26452,-4
26456,-3
26460,2
26464,5
26468,-5
26472,0
26476,4
26480,-4
26484,0
26488,-2
26492,0
26496,5
26500,4
26504,-4
26508,5
26512,5
26516,-3
26520,-4
26524,1
26528,-2
26532,-3
26536,2
26540,-4
26544,3
26548,4
26552,1
26556,-2
26560,-4
26564,-5
26568,-2
26572,4
26576,-5
26580,-3
26584,-2
26588,5
26592,4
26596,-2
26600,0
26604,-2
26608,-1
26612,-4
26616,-1
26620,5
26624,0
26628,3
26632,4
26636,1
26640,4
26644,-4
26648,1
26652,3
26656,-5
26660,2
26664,0
26668,2
26672,1
26676,-2
26680,-2
26684,-4
26688,0
26692,2
26696,-5
26700,-5
26704,-3
26708,-1
26712,-4
26716,-2
26720,-1
26724,0
26728,1
26732,4
26736,0
26740,1
26744,-1
26748,5
26752,5
26756,1
26760,-4
26764,4
26768,1
26772,-4
26776,-5
26780,-4
26784,3
26788,2
26792,4
26796,-4
26800,-5
26804,-3
26808,5
26812,-2
26816,5
26820,2
26824,-4
26828,3
26832,0
26836,2
26840,-5
26844,-2
26848,4
26852,-4
26856,-2
26860,3
26864,4
26868,4
26872,5
26876,0
26880,-3
26884,-3
26888,4
26892,-4
26896,2
26900,-3
26904,0
26908,-2
29216,-3
29220,-3
29224,-3
29228,-3
29232,-3
29236,-3
29240,-3
29244,-3
29248,-3
29252,-3
29256,-3
29260,-3
29264,-3
29268,-3
29272,-3
29276,-3
29280,-3
29284,-3
29288,-3
29292,-3
29296,-3
29300,-3
29304,-3
29308,-3
29312,-20
29316,-20
29320,-20
29324,-20
29328,-20
29332,-20
29336,-20
29340,-20
29344,-20
29348,-20
29352,-20
29356,-20
29360,-20
29364,-20
29368,-20
29372,-20
29376,-20
29380,-20
29384,-20
29388,-20
29392,-20
29396,-20
29400,-20
29404,-20
29408,11
29412,11
29416,11
29420,11
29424,11
29428,11
29432,11
29436,11
29440,11
29444,11
29448,11
29452,11
29456,11
29460,11
29464,11
29468,11
29472,11
29476,11
29480,11
29484,11
29488,11
29492,11
29496,11
29500,11
29504,-4
29508,-4
29512,-4
29516,-4
29520,-4
29524,-4
29528,-4
29532,-4
29536,-4
29540,-4
29544,-4
29548,-4
29552,-4
29556,-4
29560,-4
29564,-4
29568,-4
29572,-4
29576,-4
29580,-4
29584,-4
29588,-4
29592,-4
29596,-4
29600,-32
29604,-32
29608,-32
29612,-32
29616,-32
29620,-32
29624,-32
29628,-32
29632,-32
29636,-32
29640,-32
29644,-32
29648,-32
29652,-32
29656,-32
29660,-32
29664,-32
29668,-32
29672,-32
29676,-32
29680,-32
29684,-32
29688,-32
29692,-32
29696,-9
29700,-9
29704,-9
29708,-9
29712,-9
29716,-9
29720,-9
29724,-9
29728,-9
29732,-9
29736,-9
29740,-9
29744,-9
29748,-9
29752,-9
29756,-9
29760,-9
29764,-9
29768,-9
29772,-9
29776,-9
29780,-9
29784,-9
29788,-9
29792,20
29796,20
29800,20
29804,20
29808,20
29812,20
29816,20
29820,20
29824,20
29828,20
29832,20
29836,20
29840,20
29844,20
29848,20
29852,20
29856,20
29860,20
29864,20
29868,20
29872,20
29876,20
29880,20
29884,20
29888,-15
29892,-15
29896,-15
29900,-15
29904,-15
29908,-15
29912,-15
29916,-15
29920,-15
29924,-15
29928,-15
29932,-15
29936,-15
29940,-15
29944,-15
29948,-15
29952,-15
29956,-15
29960,-15
29964,-15
29968,-15
29972,-15
29976,-15
29980,-15
29984,-33
29988,-33
29992,-33
29996,-33
30000,-33
30004,-33
30008,-33
30012,-33
30016,-33
30020,-33
30024,-33
30028,-33
30032,-33
30036,-33
30040,-33
30044,-33
30048,-33
30052,-33
30056,-33
30060,-33
30064,-33
30068,-33
30072,-33
30076,-33
30080,23
30084,23
30088,23
30092,23
30096,23
30100,23
30104,23
30108,23
30112,23
30116,23
30120,23
30124,23
30128,23
30132,23
30136,23
30140,23
30144,23
30148,23
30152,23
30156,23
30160,23
30164,23
30168,23
30172,23
30176,-4
30180,-4
30184,-4
30188,-4
30192,-4
30196,-4
30200,-4
30204,-4
30208,-4
30212,-4
30216,-4
30220,-4
30224,-4
30228,-4
30232,-4
30236,-4
30240,-4
30244,-4
30248,-4
30252,-4
30256,-4
30260,-4
30264,-4
30268,-4
30272,5
30276,5
30280,5
30284,5
30288,5
30292,5
30296,5
30300,5
30304,5
30308,5
30312,5
30316,5
30320,5
30324,5
30328,5
30332,5
30336,5
30340,5
30344,5
30348,5
30352,5
30356,5
30360,5
30364,5
30368,-40
30372,-40
30376,-40
30380,-40
30384,-40
30388,-40
30392,-40
30396,-40
30400,-40
30404,-40
30408,-40
30412,-40
30416,-40
30420,-40
30424,-40
30428,-40
30432,-40
30436,-40
30440,-40
30444,-40
30448,-40
30452,-40
30456,-40
30460,-40
30464,-3
30468,-3
30472,-3
30476,-3
30480,-3
30484,-3
30488,-3
30492,-3
30496,-3
30500,-3
30504,-3
30508,-3
30512,-3
30516,-3
30520,-3
30524,-3
30528,-3
30532,-3
30536,-3
30540,-3
30544,-3
30548,-3
30552,-3
30556,-3
30560,25
30564,25
30568,25
30572,25
30576,25
30580,25
30584,25
30588,25
30592,25
30596,25
30600,25
30604,25
30608,25
30612,25
30616,25
30620,25
30624,25
30628,25
30632,25
30636,25
30640,25
30644,25
30648,25
30652,25
30656,8
30660,8
30664,8
30668,8
30672,8
30676,8
30680,8
30684,8
30688,8
30692,8
30696,8
30700,8
30704,8
30708,8
30712,8
30716,8
30720,8
30724,8
30728,8
30732,8
30736,8
30740,8
30744,8
30748,8
30752,3
30756,3
30760,3
30764,3
30768,3
30772,3
30776,3
30780,3
30784,3
30788,3
30792,3
30796,3
30800,3
30804,3
30808,3
30812,3
30816,3
30820,3
30824,3
30828,3
30832,3
30836,3
30840,3
30844,3
30848,-17
30852,-17
30856,-17
30860,-17
30864,-17
30868,-17
30872,-17
30876,-17
30880,-17
30884,-17
30888,-17
30892,-17
30896,-17
30900,-17
30904,-17
30908,-17
30912,-17
30916,-17
30920,-17
30924,-17
30928,-17
30932,-17
30936,-17
30940,-17
30944,-9
30948,-9
30952,-9
30956,-9
30960,-9
30964,-9
30968,-9
30972,-9
30976,-9
30980,-9
30984,-9
30988,-9
30992,-9
30996,-9
31000,-9
31004,-9
31008,-9
31012,-9
31016,-9
31020,-9
31024,-9
31028,-9
31032,-9
31036,-9
31040,-6
31044,-6
31048,-6
31052,-6
31056,-6
31060,-6
31064,-6
31068,-6
31072,-6
31076,-6
31080,-6
31084,-6
31088,-6
31092,-6
31096,-6
31100,-6
31104,-6
31108,-6
31112,-6
31116,-6
31120,-6
31124,-6
31128,-6
31132,-6
31136,14
31140,14
31144,14
31148,14
31152,14
31156,14
31160,14
31164,14
31168,14
31172,14
31176,14
31180,14
31184,14
31188,14
31192,14
31196,14
31200,14
31204,14
31208,14
31212,14
31216,14
31220,14
31224,14
31228,14
31232,14
31236,14
31240,14
31244,14
31248,14
31252,14
31256,14
31260,14
31264,14
31268,14
31272,14
31276,14
31280,14
31284,14
31288,14
31292,14
31296,14
31300,14
31304,14
31308,14
31312,14
31316,14
31320,14
31324,14
31328,-3
31332,-3
31336,-3
31340,-3
31344,-3
31348,-3
31352,-3
31356,-3
31360,-3
31364,-3
31368,-3
31372,-3
31376,-3
31380,-3
31384,-3
31388,-3
31392,-3
31396,-3
31400,-3
31404,-3
31408,-3
31412,-3
31416,-3
31420,-3
31424,-6
31428,-6
31432,-6
31436,-6
31440,-6
31444,-6
31448,-6
31452,-6
31456,-6
31460,-6
31464,-6
31468,-6
31472,-6
31476,-6
31480,-6
31484,-6
31488,-6
31492,-6
31496,-6
31500,-6
31504,-6
31508,-6
31512,-6
31516,-6
31520,1
31524,0
31528,0
31532,-8
31536,2
31540,-6
31544,-1
31548,-1
31552,-2
31556,-7
31560,2
31564,-5
31568,-4
31572,-6
31576,2
31580,-8
31584,-7
31588,-3
31592,-7
31596,-7
31600,-5
31604,0
31608,-7
31612,-2
31616,-21
31620,-25
31624,-21
31628,-19
31632,-16
31636,-23
31640,-16
31644,-24
31648,-24
31652,-24
31656,-19
31660,-17
31664,-22
31668,-23
31672,-15
31676,-16
31680,-20
31684,-16
31688,-22
31692,-23
31696,-19
31700,-24
31704,-22
31708,-23
31712,15
31716,15
31720,9
31724,9
31728,13
31732,7
31736,9
31740,13
31744,9
31748,12
31752,14
31756,11
31760,16
31764,6
31768,6
31772,11
31776,11
31780,10
31784,16
31788,14
31792,13
31796,12
31800,7
31804,16
31808,-5
31812,-4
31816,-8
31820,-3
31824,-3
31828,-8
31832,-3
31836,-4
31840,-6
31844,-7
31848,-6
31852,-5
31856,-1
31860,-5
31864,-7
31868,-3
31872,-9
31876,-7
31880,0
31884,-9
31888,-1
31892,-8
31896,-2
31900,-7
31904,-31
31908,-36
31912,-32
31916,-37
31920,-31
31924,-31
31928,-32
31932,-30
31936,-37
31940,-31
31944,-34
31948,-28
31952,-27
31956,-36
31960,-30
31964,-31
31968,-35
31972,-32
31976,-34
31980,-28
31984,-27
31988,-31
31992,-35
31996,-36
32000,-13
32004,-4
32008,-11
32012,-8
32016,-9
32020,-14
32024,-7
32028,-12
32032,-12
32036,-5
32040,-8
32044,-12
32048,-10
32052,-11
32056,-10
32060,-12
32064,-12
32068,-9
32072,-11
32076,-10
32080,-11
32084,-8
32088,-13
32092,-4
32096,22
32100,16
32104,19
32108,21
32112,21
32116,24
32120,21
32124,25
32128,24
32132,17
32136,19
32140,23
32144,20
32148,24
32152,19
32156,20
32160,25
32164,22
32168,25
32172,18
32176,23
32180,23
32184,24
32188,18
32192,-14
32196,-14
32200,-13
32204,-17
32208,-10
32212,-19
32216,-10
32220,-15
32224,-20
32228,-15
32232,-14
32236,-11
32240,-12
32244,-14
32248,-10
32252,-17
32256,-11
32260,-16
32264,-13
32268,-18
32272,-11
32276,-16
32280,-20
32284,-20
32288,-29
32292,-38
32296,-29
32300,-37
32304,-36
32308,-34
32312,-36
32316,-32
32320,-38
32324,-30
32328,-37
32332,-34
32336,-34
32340,-28
32344,-29
32348,-38
32352,-34
32356,-32
32360,-31
32364,-34
32368,-33
32372,-37
32376,-37
32380,-32
32384,23
32388,23
32392,24
32396,19
32400,18
32404,22
32408,27
32412,22
32416,27
32420,28
32424,27
32428,18
32432,27
32436,23
32440,21
32444,25
32448,20
32452,24
32456,19
32460,23
32464,26
32468,24
32472,26
32476,27
32480,-4
32484,-7
32488,-8
32492,-6
32496,-1
32500,-6
32504,1
32508,-2
32512,-2
32516,-3
32520,-7
32524,-4
32528,-4
32532,1
32536,-1
32540,-5
32544,-8
32548,-8
32552,-8
32556,-6
32560,-7
32564,1
32568,-5
32572,-2
32576,5
32580,6
32584,3
32588,3
32592,8
32596,0
32600,0
32604,5
32608,6
32612,4
32616,2
32620,1
32624,7
32628,5
32632,6
32636,8
32640,6
32644,9
32648,0
32652,9
32656,6
32660,7
32664,1
32668,6
32672,-38
32676,-38
32680,-37
32684,-45
32688,-38
32692,-40
32696,-43
32700,-36
32704,-41
32708,-44
32712,-35
32716,-39
32720,-40
32724,-44
32728,-36
32732,-39
32736,-43
32740,-38
32744,-36
32748,-42
32752,-45
32756,-35
32760,-42
32764,-45
32768,0
32772,1
32776,-2
32780,-8
32784,-6
32788,-1
32792,-1
32796,-1
32800,0
32804,-8
32808,-7
32812,0
32816,-6
32820,-5
32824,-8
32828,-1
32832,-8
32836,-1
32840,-6
32844,-8
32848,-1
32852,0
32856,-2
32860,-2
32864,29
32868,29
32872,26
32876,29
32880,27
32884,21
32888,28
32892,30
32896,26
32900,23
32904,20
32908,28
32912,21
32916,27
32920,29
32924,22
32928,25
32932,30
32936,27
32940,21
32944,24
32948,21
32952,24
32956,25
32960,10
32964,10
32968,9
32972,11
32976,3
32980,12
32984,3
32988,3
32992,5
32996,6
33000,7
33004,6
33008,13
33012,13
33016,6
33020,4
33024,13
33028,5
33032,9
33036,12
33040,12
33044,9
33048,6
33052,5
33056,-1
33060,2
33064,0
33068,1
33072,-2
33076,-1
33080,-1
33084,0
33088,5
33092,-2
33096,4
33100,1
33104,2
33108,5
33112,1
33116,7
33120,2
33124,6
33128,-2
33132,-2
33136,6
33140,-1
33144,-1
33148,8
33152,-21
33156,-14
33160,-12
33164,-17
33168,-22
33172,-12
33176,-16
33180,-17
33184,-16
33188,-21
33192,-21
33196,-12
33200,-22
33204,-12
33208,-16
33212,-12
33216,-19
33220,-20
33224,-16
33228,-20
33232,-20
33236,-20
33240,-21
33244,-15
33248,-9
33252,-10
33256,-8
33260,-12
33264,-7
33268,-14
33272,-10
33276,-4
33280,-6
33284,-6
33288,-11
33292,-9
33296,-10
33300,-6
33304,-5
33308,-12
33312,-13
33316,-5
33320,-9
33324,-5
33328,-7
33332,-6
33336,-5
33340,-12
33344,-3
33348,-1
33352,-2
33356,-2
33360,-11
33364,-9
33368,-5
33372,-1
33376,-10
33380,-4
33384,-8
33388,-1
33392,-2
33396,-6
33400,-3
33404,-5
33408,-5
33412,-1
33416,-4
33420,-8
33424,-7
33428,-10
33432,-3
33436,-10
33440,17
33444,19
33448,15
33452,16
33456,11
33460,9
33464,16
33468,11
33472,19
33476,11
33480,12
33484,13
33488,19
33492,13
33496,15
33500,13
33504,18
33508,12
33512,11
33516,13
33520,12
33524,12
33528,13
33532,16
33536,11
33540,12
33544,13
33548,15
33552,12
33556,16
33560,9
33564,11
33568,11
33572,19
33576,14
33580,17
33584,13
33588,14
33592,16
33596,16
33600,18
33604,19
33608,14
33612,11
33616,18
33620,13
33624,15
33628,16
33632,-8
33636,-8
33640,-1
33644,-5
33648,2
33652,-7
33656,-2
33660,-3
33664,-8
33668,2
33672,2
33676,0
33680,-7
33684,-5
33688,-4
33692,-5
33696,1
33700,-8
33704,0
33708,2
33712,-8
33716,2
33720,-5
33724,-4
33728,-9
33732,-1
33736,-1
33740,-9
33744,-3
33748,-6
33752,-10
33756,-9
33760,-1
33764,-9
33768,-10
33772,-3
33776,-6
33780,-5
33784,-4
33788,-9
33792,-5
33796,-4
33800,-3
33804,-1
33808,-9
33812,-9
33816,-11
33820,-6
