0,36384
4,1
8,20512
12,37456
16,-16
20,64
24,37412
28,36388
32,64
36,20768
40,64
44,-16
48,20000
52,37432
56,36392
60,1
64,64
68,-16
72,16
76,20256
80,37452
84,36396
88,64
92,-16
20000,0
20004,1
20008,2
20012,3
20016,4
20020,5
20024,6
20028,7
20032,8
20036,9
20040,10
20044,11
20048,12
20052,13
20056,14
20060,15
20064,16
20068,17
20072,18
20076,19
20080,20
20084,21
20088,22
20092,23
20096,24
20100,25
20104,26
20108,27
20112,28
20116,29
20120,30
20124,31
20128,32
20132,33
20136,34
20140,35
20144,36
20148,37
20152,38
20156,39
20160,40
20164,41
20168,42
20172,43
20176,44
20180,45
20184,46
20188,47
20192,48
20196,49
20200,50
20204,51
20208,52
20212,53
20216,54
20220,55
20224,56
20228,57
20232,58
20236,59
20240,60
20244,61
20248,62
20252,63
20256,64
20260,65
20264,66
20268,67
20272,68
20276,69
20280,70
20284,71
20288,72
20292,73
20296,74
20300,75
20304,76
20308,77
20312,78
20316,79
20320,80
20324,81
20328,82
20332,83
20336,84
20340,85
20344,86
20348,87
20352,88
20356,89
20360,90
20364,91
20368,92
20372,93
20376,94
20380,95
20384,96
20388,97
20392,98
20396,99
20400,100
20404,101
20408,102
20412,103
20416,104
20420,105
20424,106
20428,107
20432,108
20436,109
20440,110
20444,111
20448,112
20452,113
20456,114
20460,115
20464,116
20468,117
20472,118
20476,119
20480,120
20484,121
20488,122
20492,123
20496,124
20500,125
20504,126
20508,127
20512,128
20516,129
20520,130
20524,131
20528,132
20532,133
20536,134
20540,135
20544,136
20548,137
20552,138
20556,139
20560,140
20564,141
20568,142
20572,143
20576,144
20580,145
20584,146
20588,147
20592,148
20596,149
20600,150
20604,151
20608,152
20612,153
20616,154
20620,155
20624,156
20628,157
20632,158
20636,159
20640,160
20644,161
20648,162
20652,163
20656,164
20660,165
20664,166
20668,167
20672,168
20676,169
20680,170
20684,171
20688,172
20692,173
20696,174
20700,175
20704,176
20708,177
20712,178
20716,179
20720,180
20724,181
20728,182
20732,183
20736,184
20740,185
20744,186
20748,187
20752,188
20756,189
20760,190
20764,191
20768,192
20772,193
20776,194
20780,195
20784,196
20788,197
20792,198
20796,199
20800,200
20804,201
20808,202
20812,203
20816,204
20820,205
20824,206
20828,207
20832,208
20836,209
20840,210
20844,211
20848,212
20852,213
20856,214
20860,215
20864,216
20868,217
20872,218
20876,219
20880,220
20884,221
20888,222
20892,223
20896,224
20900,225
20904,226
20908,227
20912,228
20916,229
20920,230
20924,231
20928,232
20932,233
20936,234
20940,235
20944,236
20948,237
20952,238
20956,239
20960,240
20964,241
20968,242
20972,243
20976,244
20980,245
20984,246
20988,247
20992,248
20996,249
21000,250
21004,251
21008,252
21012,253
21016,254
21020,255
21024,256
21028,257
21032,258
21036,259
21040,260
21044,261
21048,262
21052,263
21056,264
21060,265
21064,266
21068,267
21072,268
21076,269
21080,270
21084,271
21088,272
21092,273
21096,274
21100,275
21104,276
21108,277
21112,278
21116,279
21120,280
21124,281
21128,282
21132,283
21136,284
21140,285
21144,286
21148,287
21152,288
21156,289
21160,290
21164,291
21168,292
21172,293
21176,294
21180,295
21184,296
21188,297
21192,298
21196,299
21200,300
21204,301
21208,302
21212,303
21216,304
21220,305
21224,306
21228,307
21232,308
21236,309
21240,310
21244,311
21248,312
21252,313
21256,314
21260,315
21264,316
21268,317
21272,318
21276,319
21280,320
21284,321
21288,322
21292,323
21296,324
21300,325
21304,326
21308,327
21312,328
21316,329
21320,330
21324,331
21328,332
21332,333
21336,334
21340,335
21344,336
21348,337
21352,338
21356,339
21360,340
21364,341
21368,342
21372,343
21376,344
21380,345
21384,346
21388,347
21392,348
21396,349
21400,350
21404,351
21408,352
21412,353
21416,354
21420,355
21424,356
21428,357
21432,358
21436,359
21440,360
21444,361
21448,362
21452,363
21456,364
21460,365
21464,366
21468,367
21472,368
21476,369
21480,370
21484,371
21488,372
21492,373
21496,374
21500,375
21504,376
21508,377
21512,378
21516,379
21520,380
21524,381
21528,382
21532,383
21536,384
21540,385
21544,386
21548,387
21552,388
21556,389
21560,390
21564,391
21568,392
21572,393
21576,394
21580,395
21584,396
21588,397
21592,398
21596,399
21600,400
21604,401
21608,402
21612,403
21616,404
21620,405
21624,406
21628,407
21632,408
21636,409
21640,410
21644,411
21648,412
21652,413
21656,414
21660,415
21664,416
21668,417
21672,418
21676,419
21680,420
21684,421
21688,422
21692,423
21696,424
21700,425
21704,426
21708,427
21712,428
21716,429
21720,430
21724,431
21728,432
21732,433
21736,434
21740,435
21744,436
21748,437
21752,438
21756,439
21760,440
21764,441
21768,442
21772,443
21776,444
21780,445
21784,446
21788,447
21792,448
21796,449
21800,450
21804,451
21808,452
21812,453
21816,454
21820,455
21824,456
21828,457
21832,458
21836,459
21840,460
21844,461
21848,462
21852,463
21856,464
21860,465
21864,466
21868,467
21872,468
21876,469
21880,470
21884,471
21888,472
21892,473
21896,474
21900,475
21904,476
21908,477
21912,478
21916,479
21920,480
21924,481
21928,482
21932,483
21936,484
21940,485
21944,486
21948,487
21952,488
21956,489
21960,490
21964,491
21968,492
21972,493
21976,494
21980,495
21984,496
21988,497
21992,498
21996,499
22000,500
22004,501
22008,502
22012,503
22016,504
22020,505
22024,506
22028,507
22032,508
22036,509
22040,510
22044,511
22048,512
22052,513
22056,514
22060,515
22064,516
22068,517
22072,518
22076,519
22080,520
22084,521
22088,522
22092,523
22096,524
22100,525
22104,526
22108,527
22112,528
22116,529
22120,530
22124,531
22128,532
22132,533
22136,534
22140,535
22144,536
22148,537
22152,538
22156,539
22160,540
22164,541
22168,542
22172,543
22176,544
22180,545
22184,546
22188,547
22192,548
22196,549
22200,550
22204,551
22208,552
22212,553
22216,554
22220,555
22224,556
22228,557
22232,558
22236,559
22240,560
22244,561
22248,562
22252,563
22256,564
22260,565
22264,566
22268,567
22272,568
22276,569
22280,570
22284,571
22288,572
22292,573
22296,574
22300,575
22304,576
22308,577
22312,578
22316,579
22320,580
22324,581
22328,582
22332,583
22336,584
22340,585
22344,586
22348,587
22352,588
22356,589
22360,590
22364,591
22368,592
22372,593
22376,594
22380,595
22384,596
22388,597
22392,598
22396,599
22400,600
22404,601
22408,602
22412,603
22416,604
22420,605
22424,606
22428,607
22432,608
22436,609
22440,610
22444,611
22448,612
22452,613
22456,614
22460,615
22464,616
22468,617
22472,618
22476,619
22480,620
22484,621
22488,622
22492,623
22496,624
22500,625
22504,626
22508,627
22512,628
22516,629
22520,630
22524,631
22528,632
22532,633
22536,634
22540,635
22544,636
22548,637
22552,638
22556,639
22560,640
22564,641
22568,642
22572,643
22576,644
22580,645
22584,646
22588,647
22592,648
22596,649
22600,650
22604,651
22608,652
22612,653
22616,654
22620,655
22624,656
22628,657
22632,658
22636,659
22640,660
22644,661
22648,662
22652,663
22656,664
22660,665
22664,666
22668,667
22672,668
22676,669
22680,670
22684,671
22688,672
22692,673
22696,674
22700,675
22704,676
22708,677
22712,678
22716,679
22720,680
22724,681
22728,682
22732,683
22736,684
22740,685
22744,686
22748,687
22752,688
22756,689
22760,690
22764,691
22768,692
22772,693
22776,694
22780,695
22784,696
22788,697
22792,698
22796,699
22800,700
22804,701
22808,702
22812,703
22816,704
22820,705
22824,706
22828,707
22832,708
22836,709
22840,710
22844,711
22848,712
22852,713
22856,714
22860,715
22864,716
22868,717
22872,718
22876,719
22880,720
22884,721
22888,722
22892,723
22896,724
22900,725
22904,726
22908,727
22912,728
22916,729
22920,730
22924,731
22928,732
22932,733
22936,734
22940,735
22944,736
22948,737
22952,738
22956,739
22960,740
22964,741
22968,742
22972,743
22976,744
22980,745
22984,746
22988,747
22992,748
22996,749
23000,750
23004,751
23008,752
23012,753
23016,754
23020,755
23024,756
23028,757
23032,758
23036,759
23040,760
23044,761
23048,762
23052,763
23056,764
23060,765
23064,766
23068,767
23072,768
23076,769
23080,770
23084,771
23088,772
23092,773
23096,774
23100,775
23104,776
23108,777
23112,778
23116,779
23120,780
23124,781
23128,782
23132,783
23136,784
23140,785
23144,786
23148,787
23152,788
23156,789
23160,790
23164,791
23168,792
23172,793
23176,794
23180,795
23184,796
23188,797
23192,798
23196,799
23200,800
23204,801
23208,802
23212,803
23216,804
23220,805
23224,806
23228,807
23232,808
23236,809
23240,810
23244,811
23248,812
23252,813
23256,814
23260,815
23264,816
23268,817
23272,818
23276,819
23280,820
23284,821
23288,822
23292,823
23296,824
23300,825
23304,826
23308,827
23312,828
23316,829
23320,830
23324,831
23328,832
23332,833
23336,834
23340,835
23344,836
23348,837
23352,838
23356,839
23360,840
23364,841
23368,842
23372,843
23376,844
23380,845
23384,846
23388,847
23392,848
23396,849
23400,850
23404,851
23408,852
23412,853
23416,854
23420,855
23424,856
23428,857
23432,858
23436,859
23440,860
23444,861
23448,862
23452,863
23456,864
23460,865
23464,866
23468,867
23472,868
23476,869
23480,870
23484,871
23488,872
23492,873
23496,874
23500,875
23504,876
23508,877
23512,878
23516,879
23520,880
23524,881
23528,882
23532,883
23536,884
23540,885
23544,886
23548,887
23552,888
23556,889
23560,890
23564,891
23568,892
23572,893
23576,894
23580,895
23584,896
23588,897
23592,898
23596,899
23600,900
23604,901
23608,902
23612,903
23616,904
23620,905
23624,906
23628,907
23632,908
23636,909
23640,910
23644,911
23648,912
23652,913
23656,914
23660,915
23664,916
23668,917
23672,918
23676,919
23680,920
23684,921
23688,922
23692,923
23696,924
23700,925
23704,926
23708,927
23712,928
23716,929
23720,930
23724,931
23728,932
23732,933
23736,934
23740,935
23744,936
23748,937
23752,938
23756,939
23760,940
23764,941
23768,942
23772,943
23776,944
23780,945
23784,946
23788,947
23792,948
23796,949
23800,950
23804,951
23808,952
23812,953
23816,954
23820,955
23824,956
23828,957
23832,958
23836,959
23840,960
23844,961
23848,962
23852,963
23856,964
23860,965
23864,966
23868,967
23872,968
23876,969
23880,970
23884,971
23888,972
23892,973
23896,974
23900,975
23904,976
23908,977
23912,978
23916,979
23920,980
23924,981
23928,982
23932,983
23936,984
23940,985
23944,986
23948,987
23952,988
23956,989
23960,990
23964,991
23968,992
23972,993
23976,994
23980,995
23984,996
23988,997
23992,998
23996,999
24000,1000
24004,1001
24008,1002
24012,1003
24016,1004
24020,1005
24024,1006
24028,1007
24032,1008
24036,1009
24040,1010
24044,1011
24048,1012
24052,1013
24056,1014
24060,1015
24064,1016
24068,1017
24072,1018
24076,1019
24080,1020
24084,1021
24088,1022
24092,1023
24096,1024
24100,1025
24104,1026
24108,1027
24112,1028
24116,1029
24120,1030
24124,1031
24128,1032
24132,1033
24136,1034
24140,1035
24144,1036
24148,1037
24152,1038
24156,1039
24160,1040
24164,1041
24168,1042
24172,1043
24176,1044
24180,1045
24184,1046
24188,1047
24192,1048
24196,1049
24200,1050
24204,1051
24208,1052
24212,1053
24216,1054
24220,1055
24224,1056
24228,1057
24232,1058
24236,1059
24240,1060
24244,1061
24248,1062
24252,1063
24256,1064
24260,1065
24264,1066
24268,1067
24272,1068
24276,1069
24280,1070
24284,1071
24288,1072
24292,1073
24296,1074
24300,1075
24304,1076
24308,1077
24312,1078
24316,1079
24320,1080
24324,1081
24328,1082
24332,1083
24336,1084
24340,1085
24344,1086
24348,1087
24352,1088
24356,1089
24360,1090
24364,1091
24368,1092
24372,1093
24376,1094
24380,1095
24384,1096
24388,1097
24392,1098
24396,1099
24400,1100
24404,1101
24408,1102
24412,1103
24416,1104
24420,1105
24424,1106
24428,1107
24432,1108
24436,1109
24440,1110
24444,1111
24448,1112
24452,1113
24456,1114
24460,1115
24464,1116
24468,1117
24472,1118
24476,1119
24480,1120
24484,1121
24488,1122
24492,1123
24496,1124
24500,1125
24504,1126
24508,1127
24512,1128
24516,1129
24520,1130
24524,1131
24528,1132
24532,1133
24536,1134
24540,1135
24544,1136
24548,1137
24552,1138
24556,1139
24560,1140
24564,1141
24568,1142
24572,1143
24576,1144
24580,1145
24584,1146
24588,1147
24592,1148
24596,1149
24600,1150
24604,1151
24608,1152
24612,1153
24616,1154
24620,1155
24624,1156
24628,1157
24632,1158
24636,1159
24640,1160
24644,1161
24648,1162
24652,1163
24656,1164
24660,1165
24664,1166
24668,1167
24672,1168
24676,1169
24680,1170
24684,1171
24688,1172
24692,1173
24696,1174
24700,1175
24704,1176
24708,1177
24712,1178
24716,1179
24720,1180
24724,1181
24728,1182
24732,1183
24736,1184
24740,1185
24744,1186
24748,1187
24752,1188
24756,1189
24760,1190
24764,1191
24768,1192
24772,1193
24776,1194
24780,1195
24784,1196
24788,1197
24792,1198
24796,1199
24800,1200
24804,1201
24808,1202
24812,1203
24816,1204
24820,1205
24824,1206
24828,1207
24832,1208
24836,1209
24840,1210
24844,1211
24848,1212
24852,1213
24856,1214
24860,1215
24864,1216
24868,1217
24872,1218
24876,1219
24880,1220
24884,1221
24888,1222
24892,1223
24896,1224
24900,1225
24904,1226
24908,1227
24912,1228
24916,1229
24920,1230
24924,1231
24928,1232
24932,1233
24936,1234
24940,1235
24944,1236
24948,1237
24952,1238
24956,1239
24960,1240
24964,1241
24968,1242
24972,1243
24976,1244
24980,1245
24984,1246
24988,1247
24992,1248
24996,1249
25000,1250
25004,1251
25008,1252
25012,1253
25016,1254
25020,1255
25024,1256
25028,1257
25032,1258
25036,1259
25040,1260
25044,1261
25048,1262
25052,1263
25056,1264
25060,1265
25064,1266
25068,1267
25072,1268
25076,1269
25080,1270
25084,1271
25088,1272
25092,1273
25096,1274
25100,1275
25104,1276
25108,1277
25112,1278
25116,1279
25120,1280
25124,1281
25128,1282
25132,1283
25136,1284
25140,1285
25144,1286
25148,1287
25152,1288
25156,1289
25160,1290
25164,1291
25168,1292
25172,1293
25176,1294
25180,1295
25184,1296
25188,1297
25192,1298
25196,1299
25200,1300
25204,1301
25208,1302
25212,1303
25216,1304
25220,1305
25224,1306
25228,1307
25232,1308
25236,1309
25240,1310
25244,1311
25248,1312
25252,1313
25256,1314
25260,1315
25264,1316
25268,1317
25272,1318
25276,1319
25280,1320
25284,1321
25288,1322
25292,1323
25296,1324
25300,1325
25304,1326
25308,1327
25312,1328
25316,1329
25320,1330
25324,1331
25328,1332
25332,1333
25336,1334
25340,1335
25344,1336
25348,1337
25352,1338
25356,1339
25360,1340
25364,1341
25368,1342
25372,1343
25376,1344
25380,1345
25384,1346
25388,1347
25392,1348
25396,1349
25400,1350
25404,1351
25408,1352
25412,1353
25416,1354
25420,1355
25424,1356
25428,1357
25432,1358
25436,1359
25440,1360
25444,1361
25448,1362
25452,1363
25456,1364
25460,1365
25464,1366
25468,1367
25472,1368
25476,1369
25480,1370
25484,1371
25488,1372
25492,1373
25496,1374
25500,1375
25504,1376
25508,1377
25512,1378
25516,1379
25520,1380
25524,1381
25528,1382
25532,1383
25536,1384
25540,1385
25544,1386
25548,1387
25552,1388
25556,1389
25560,1390
25564,1391
25568,1392
25572,1393
25576,1394
25580,1395
25584,1396
25588,1397
25592,1398
25596,1399
25600,1400
25604,1401
25608,1402
25612,1403
25616,1404
25620,1405
25624,1406
25628,1407
25632,1408
25636,1409
25640,1410
25644,1411
25648,1412
25652,1413
25656,1414
25660,1415
25664,1416
25668,1417
25672,1418
25676,1419
25680,1420
25684,1421
25688,1422
25692,1423
25696,1424
25700,1425
25704,1426
25708,1427
25712,1428
25716,1429
25720,1430
25724,1431
25728,1432
25732,1433
25736,1434
25740,1435
25744,1436
25748,1437
25752,1438
25756,1439
25760,1440
25764,1441
25768,1442
25772,1443
25776,1444
25780,1445
25784,1446
25788,1447
25792,1448
25796,1449
25800,1450
25804,1451
25808,1452
25812,1453
25816,1454
25820,1455
25824,1456
25828,1457
25832,1458
25836,1459
25840,1460
25844,1461
25848,1462
25852,1463
25856,1464
25860,1465
25864,1466
25868,1467
25872,1468
25876,1469
25880,1470
25884,1471
25888,1472
25892,1473
25896,1474
25900,1475
25904,1476
25908,1477
25912,1478
25916,1479
25920,1480
25924,1481
25928,1482
25932,1483
25936,1484
25940,1485
25944,1486
25948,1487
25952,1488
25956,1489
25960,1490
25964,1491
25968,1492
25972,1493
25976,1494
25980,1495
25984,1496
25988,1497
25992,1498
25996,1499
26000,1500
26004,1501
26008,1502
26012,1503
26016,1504
26020,1505
26024,1506
26028,1507
26032,1508
26036,1509
26040,1510
26044,1511
26048,1512
26052,1513
26056,1514
26060,1515
26064,1516
26068,1517
26072,1518
26076,1519
26080,1520
26084,1521
26088,1522
26092,1523
26096,1524
26100,1525
26104,1526
26108,1527
26112,1528
26116,1529
26120,1530
26124,1531
26128,1532
26132,1533
26136,1534
26140,1535
26144,1536
26148,1537
26152,1538
26156,1539
26160,1540
26164,1541
26168,1542
26172,1543
26176,1544
26180,1545
26184,1546
26188,1547
26192,1548
26196,1549
26200,1550
26204,1551
26208,1552
26212,1553
26216,1554
26220,1555
26224,1556
26228,1557
26232,1558
26236,1559
26240,1560
26244,1561
26248,1562
26252,1563
26256,1564
26260,1565
26264,1566
26268,1567
26272,1568
26276,1569
26280,1570
26284,1571
26288,1572
26292,1573
26296,1574
26300,1575
26304,1576
26308,1577
26312,1578
26316,1579
26320,1580
26324,1581
26328,1582
26332,1583
26336,1584
26340,1585
26344,1586
26348,1587
26352,1588
26356,1589
26360,1590
26364,1591
26368,1592
26372,1593
26376,1594
26380,1595
26384,1596
26388,1597
26392,1598
26396,1599
26400,1600
26404,1601
26408,1602
26412,1603
26416,1604
26420,1605
26424,1606
26428,1607
26432,1608
26436,1609
26440,1610
26444,1611
26448,1612
26452,1613
26456,1614
26460,1615
26464,1616
26468,1617
26472,1618
26476,1619
26480,1620
26484,1621
26488,1622
26492,1623
26496,1624
26500,1625
26504,1626
26508,1627
26512,1628
26516,1629
26520,1630
26524,1631
26528,1632
26532,1633
26536,1634
26540,1635
26544,1636
26548,1637
26552,1638
26556,1639
26560,1640
26564,1641
26568,1642
26572,1643
26576,1644
26580,1645
26584,1646
26588,1647
26592,1648
26596,1649
26600,1650
26604,1651
26608,1652
26612,1653
26616,1654
26620,1655
26624,1656
26628,1657
26632,1658
26636,1659
26640,1660
26644,1661
26648,1662
26652,1663
26656,1664
26660,1665
26664,1666
26668,1667
26672,1668
26676,1669
26680,1670
26684,1671
26688,1672
26692,1673
26696,1674
26700,1675
26704,1676
26708,1677
26712,1678
26716,1679
26720,1680
26724,1681
26728,1682
26732,1683
26736,1684
26740,1685
26744,1686
26748,1687
26752,1688
26756,1689
26760,1690
26764,1691
26768,1692
26772,1693
26776,1694
26780,1695
26784,1696
26788,1697
26792,1698
26796,1699
26800,1700
26804,1701
26808,1702
26812,1703
26816,1704
26820,1705
26824,1706
26828,1707
26832,1708
26836,1709
26840,1710
26844,1711
26848,1712
26852,1713
26856,1714
26860,1715
26864,1716
26868,1717
26872,1718
26876,1719
26880,1720
26884,1721
26888,1722
26892,1723
26896,1724
26900,1725
26904,1726
26908,1727
26912,1728
26916,1729
26920,1730
26924,1731
26928,1732
26932,1733
26936,1734
26940,1735
26944,1736
26948,1737
26952,1738
26956,1739
26960,1740
26964,1741
26968,1742
26972,1743
26976,1744
26980,1745
26984,1746
26988,1747
26992,1748
26996,1749
27000,1750
27004,1751
27008,1752
27012,1753
27016,1754
27020,1755
27024,1756
27028,1757
27032,1758
27036,1759
27040,1760
27044,1761
27048,1762
27052,1763
27056,1764
27060,1765
27064,1766
27068,1767
27072,1768
27076,1769
27080,1770
27084,1771
27088,1772
27092,1773
27096,1774
27100,1775
27104,1776
27108,1777
27112,1778
27116,1779
27120,1780
27124,1781
27128,1782
27132,1783
27136,1784
27140,1785
27144,1786
27148,1787
27152,1788
27156,1789
27160,1790
27164,1791
27168,1792
27172,1793
27176,1794
27180,1795
27184,1796
27188,1797
27192,1798
27196,1799
27200,1800
27204,1801
27208,1802
27212,1803
27216,1804
27220,1805
27224,1806
27228,1807
27232,1808
27236,1809
27240,1810
27244,1811
27248,1812
27252,1813
27256,1814
27260,1815
27264,1816
27268,1817
27272,1818
27276,1819
27280,1820
27284,1821
27288,1822
27292,1823
27296,1824
27300,1825
27304,1826
27308,1827
27312,1828
27316,1829
27320,1830
27324,1831
27328,1832
27332,1833
27336,1834
27340,1835
27344,1836
27348,1837
27352,1838
27356,1839
27360,1840
27364,1841
27368,1842
27372,1843
27376,1844
27380,1845
27384,1846
27388,1847
27392,1848
27396,1849
27400,1850
27404,1851
27408,1852
27412,1853
27416,1854
27420,1855
27424,1856
27428,1857
27432,1858
27436,1859
27440,1860
27444,1861
27448,1862
27452,1863
27456,1864
27460,1865
27464,1866
27468,1867
27472,1868
27476,1869
27480,1870
27484,1871
27488,1872
27492,1873
27496,1874
27500,1875
27504,1876
27508,1877
27512,1878
27516,1879
27520,1880
27524,1881
27528,1882
27532,1883
27536,1884
27540,1885
27544,1886
27548,1887
27552,1888
27556,1889
27560,1890
27564,1891
27568,1892
27572,1893
27576,1894
27580,1895
27584,1896
27588,1897
27592,1898
27596,1899
27600,1900
27604,1901
27608,1902
27612,1903
27616,1904
27620,1905
27624,1906
27628,1907
27632,1908
27636,1909
27640,1910
27644,1911
27648,1912
27652,1913
27656,1914
27660,1915
27664,1916
27668,1917
27672,1918
27676,1919
27680,1920
27684,1921
27688,1922
27692,1923
27696,1924
27700,1925
27704,1926
27708,1927
27712,1928
27716,1929
27720,1930
27724,1931
27728,1932
27732,1933
27736,1934
27740,1935
27744,1936
27748,1937
27752,1938
27756,1939
27760,1940
27764,1941
27768,1942
27772,1943
27776,1944
27780,1945
27784,1946
27788,1947
27792,1948
27796,1949
27800,1950
27804,1951
27808,1952
27812,1953
27816,1954
27820,1955
27824,1956
27828,1957
27832,1958
27836,1959
27840,1960
27844,1961
27848,1962
27852,1963
27856,1964
27860,1965
27864,1966
27868,1967
27872,1968
27876,1969
27880,1970
27884,1971
27888,1972
27892,1973
27896,1974
27900,1975
27904,1976
27908,1977
27912,1978
27916,1979
27920,1980
27924,1981
27928,1982
27932,1983
27936,1984
27940,1985
27944,1986
27948,1987
27952,1988
27956,1989
27960,1990
27964,1991
27968,1992
27972,1993
27976,1994
27980,1995
27984,1996
27988,1997
27992,1998
27996,1999
28000,2000
28004,2001
28008,2002
28012,2003
28016,2004
28020,2005
28024,2006
28028,2007
28032,2008
28036,2009
28040,2010
28044,2011
28048,2012
28052,2013
28056,2014
28060,2015
28064,2016
28068,2017
28072,2018
28076,2019
28080,2020
28084,2021
28088,2022
28092,2023
28096,2024
28100,2025
28104,2026
28108,2027
28112,2028
28116,2029
28120,2030
28124,2031
28128,2032
28132,2033
28136,2034
28140,2035
28144,2036
28148,2037
28152,2038
28156,2039
28160,2040
28164,2041
28168,2042
28172,2043
28176,2044
28180,2045
28184,2046
28188,2047
28192,2048
28196,2049
28200,2050
28204,2051
28208,2052
28212,2053
28216,2054
28220,2055
28224,2056
28228,2057
28232,2058
28236,2059
28240,2060
28244,2061
28248,2062
28252,2063
28256,2064
28260,2065
28264,2066
28268,2067
28272,2068
28276,2069
28280,2070
28284,2071
28288,2072
28292,2073
28296,2074
28300,2075
28304,2076
28308,2077
28312,2078
28316,2079
28320,2080
28324,2081
28328,2082
28332,2083
28336,2084
28340,2085
28344,2086
28348,2087
28352,2088
28356,2089
28360,2090
28364,2091
28368,2092
28372,2093
28376,2094
28380,2095
28384,2096
28388,2097
28392,2098
28396,2099
28400,2100
28404,2101
28408,2102
28412,2103
28416,2104
28420,2105
28424,2106
28428,2107
28432,2108
28436,2109
28440,2110
28444,2111
28448,2112
28452,2113
28456,2114
28460,2115
28464,2116
28468,2117
28472,2118
28476,2119
28480,2120
28484,2121
28488,2122
28492,2123
28496,2124
28500,2125
28504,2126
28508,2127
28512,2128
28516,2129
28520,2130
28524,2131
28528,2132
28532,2133
28536,2134
28540,2135
28544,2136
28548,2137
28552,2138
28556,2139
28560,2140
28564,2141
28568,2142
28572,2143
28576,2144
28580,2145
28584,2146
28588,2147
28592,2148
28596,2149
28600,2150
28604,2151
28608,2152
28612,2153
28616,2154
28620,2155
28624,2156
28628,2157
28632,2158
28636,2159
28640,2160
28644,2161
28648,2162
28652,2163
28656,2164
28660,2165
28664,2166
28668,2167
28672,2168
28676,2169
28680,2170
28684,2171
28688,2172
28692,2173
28696,2174
28700,2175
28704,2176
28708,2177
28712,2178
28716,2179
28720,2180
28724,2181
28728,2182
28732,2183
28736,2184
28740,2185
28744,2186
28748,2187
28752,2188
28756,2189
28760,2190
28764,2191
28768,2192
28772,2193
28776,2194
28780,2195
28784,2196
28788,2197
28792,2198
28796,2199
28800,2200
28804,2201
28808,2202
28812,2203
28816,2204
28820,2205
28824,2206
28828,2207
28832,2208
28836,2209
28840,2210
28844,2211
28848,2212
28852,2213
28856,2214
28860,2215
28864,2216
28868,2217
28872,2218
28876,2219
28880,2220
28884,2221
28888,2222
28892,2223
28896,2224
28900,2225
28904,2226
28908,2227
28912,2228
28916,2229
28920,2230
28924,2231
28928,2232
28932,2233
28936,2234
28940,2235
28944,2236
28948,2237
28952,2238
28956,2239
28960,2240
28964,2241
28968,2242
28972,2243
28976,2244
28980,2245
28984,2246
28988,2247
28992,2248
28996,2249
29000,2250
29004,2251
29008,2252
29012,2253
29016,2254
29020,2255
29024,2256
29028,2257
29032,2258
29036,2259
29040,2260
29044,2261
29048,2262
29052,2263
29056,2264
29060,2265
29064,2266
29068,2267
29072,2268
29076,2269
29080,2270
29084,2271
29088,2272
29092,2273
29096,2274
29100,2275
29104,2276
29108,2277
29112,2278
29116,2279
29120,2280
29124,2281
29128,2282
29132,2283
29136,2284
29140,2285
29144,2286
29148,2287
29152,2288
29156,2289
29160,2290
29164,2291
29168,2292
29172,2293
29176,2294
29180,2295
29184,2296
29188,2297
29192,2298
29196,2299
29200,2300
29204,2301
29208,2302
29212,2303
29216,2304
29220,2305
29224,2306
29228,2307
29232,2308
29236,2309
29240,2310
29244,2311
29248,2312
29252,2313
29256,2314
29260,2315
29264,2316
29268,2317
29272,2318
29276,2319
29280,2320
29284,2321
29288,2322
29292,2323
29296,2324
29300,2325
29304,2326
29308,2327
29312,2328
29316,2329
29320,2330
29324,2331
29328,2332
29332,2333
29336,2334
29340,2335
29344,2336
29348,2337
29352,2338
29356,2339
29360,2340
29364,2341
29368,2342
29372,2343
29376,2344
29380,2345
29384,2346
29388,2347
29392,2348
29396,2349
29400,2350
29404,2351
29408,2352
29412,2353
29416,2354
29420,2355
29424,2356
29428,2357
29432,2358
29436,2359
29440,2360
29444,2361
29448,2362
29452,2363
29456,2364
29460,2365
29464,2366
29468,2367
29472,2368
29476,2369
29480,2370
29484,2371
29488,2372
29492,2373
29496,2374
29500,2375
29504,2376
29508,2377
29512,2378
29516,2379
29520,2380
29524,2381
29528,2382
29532,2383
29536,2384
29540,2385
29544,2386
29548,2387
29552,2388
29556,2389
29560,2390
29564,2391
29568,2392
29572,2393
29576,2394
29580,2395
29584,2396
29588,2397
29592,2398
29596,2399
29600,2400
29604,2401
29608,2402
29612,2403
29616,2404
29620,2405
29624,2406
29628,2407
29632,2408
29636,2409
29640,2410
29644,2411
29648,2412
29652,2413
29656,2414
29660,2415
29664,2416
29668,2417
29672,2418
29676,2419
29680,2420
29684,2421
29688,2422
29692,2423
29696,2424
29700,2425
29704,2426
29708,2427
29712,2428
29716,2429
29720,2430
29724,2431
29728,2432
29732,2433
29736,2434
29740,2435
29744,2436
29748,2437
29752,2438
29756,2439
29760,2440
29764,2441
29768,2442
29772,2443
29776,2444
29780,2445
29784,2446
29788,2447
29792,2448
29796,2449
29800,2450
29804,2451
29808,2452
29812,2453
29816,2454
29820,2455
29824,2456
29828,2457
29832,2458
29836,2459
29840,2460
29844,2461
29848,2462
29852,2463
29856,2464
29860,2465
29864,2466
29868,2467
29872,2468
29876,2469
29880,2470
29884,2471
29888,2472
29892,2473
29896,2474
29900,2475
29904,2476
29908,2477
29912,2478
29916,2479
29920,2480
29924,2481
29928,2482
29932,2483
29936,2484
29940,2485
29944,2486
29948,2487
29952,2488
29956,2489
29960,2490
29964,2491
29968,2492
29972,2493
29976,2494
29980,2495
29984,2496
29988,2497
29992,2498
29996,2499
30000,2500
30004,2501
30008,2502
30012,2503
30016,2504
30020,2505
30024,2506
30028,2507
30032,2508
30036,2509
30040,2510
30044,2511
30048,2512
30052,2513
30056,2514
30060,2515
30064,2516
30068,2517
30072,2518
30076,2519
30080,2520
30084,2521
30088,2522
30092,2523
30096,2524
30100,2525
30104,2526
30108,2527
30112,2528
30116,2529
30120,2530
30124,2531
30128,2532
30132,2533
30136,2534
30140,2535
30144,2536
30148,2537
30152,2538
30156,2539
30160,2540
30164,2541
30168,2542
30172,2543
30176,2544
30180,2545
30184,2546
30188,2547
30192,2548
30196,2549
30200,2550
30204,2551
30208,2552
30212,2553
30216,2554
30220,2555
30224,2556
30228,2557
30232,2558
30236,2559
30240,2560
30244,2561
30248,2562
30252,2563
30256,2564
30260,2565
30264,2566
30268,2567
30272,2568
30276,2569
30280,2570
30284,2571
30288,2572
30292,2573
30296,2574
30300,2575
30304,2576
30308,2577
30312,2578
30316,2579
30320,2580
30324,2581
30328,2582
30332,2583
30336,2584
30340,2585
30344,2586
30348,2587
30352,2588
30356,2589
30360,2590
30364,2591
30368,2592
30372,2593
30376,2594
30380,2595
30384,2596
30388,2597
30392,2598
30396,2599
30400,2600
30404,2601
30408,2602
30412,2603
30416,2604
30420,2605
30424,2606
30428,2607
30432,2608
30436,2609
30440,2610
30444,2611
30448,2612
30452,2613
30456,2614
30460,2615
30464,2616
30468,2617
30472,2618
30476,2619
30480,2620
30484,2621
30488,2622
30492,2623
30496,2624
30500,2625
30504,2626
30508,2627
30512,2628
30516,2629
30520,2630
30524,2631
30528,2632
30532,2633
30536,2634
30540,2635
30544,2636
30548,2637
30552,2638
30556,2639
30560,2640
30564,2641
30568,2642
30572,2643
30576,2644
30580,2645
30584,2646
30588,2647
30592,2648
30596,2649
30600,2650
30604,2651
30608,2652
30612,2653
30616,2654
30620,2655
30624,2656
30628,2657
30632,2658
30636,2659
30640,2660
30644,2661
30648,2662
30652,2663
30656,2664
30660,2665
30664,2666
30668,2667
30672,2668
30676,2669
30680,2670
30684,2671
30688,2672
30692,2673
30696,2674
30700,2675
30704,2676
30708,2677
30712,2678
30716,2679
30720,2680
30724,2681
30728,2682
30732,2683
30736,2684
30740,2685
30744,2686
30748,2687
30752,2688
30756,2689
30760,2690
30764,2691
30768,2692
30772,2693
30776,2694
30780,2695
30784,2696
30788,2697
30792,2698
30796,2699
30800,2700
30804,2701
30808,2702
30812,2703
30816,2704
30820,2705
30824,2706
30828,2707
30832,2708
30836,2709
30840,2710
30844,2711
30848,2712
30852,2713
30856,2714
30860,2715
30864,2716
30868,2717
30872,2718
30876,2719
30880,2720
30884,2721
30888,2722
30892,2723
30896,2724
30900,2725
30904,2726
30908,2727
30912,2728
30916,2729
30920,2730
30924,2731
30928,2732
30932,2733
30936,2734
30940,2735
30944,2736
30948,2737
30952,2738
30956,2739
30960,2740
30964,2741
30968,2742
30972,2743
30976,2744
30980,2745
30984,2746
30988,2747
30992,2748
30996,2749
31000,2750
31004,2751
31008,2752
31012,2753
31016,2754
31020,2755
31024,2756
31028,2757
31032,2758
31036,2759
31040,2760
31044,2761
31048,2762
31052,2763
31056,2764
31060,2765
31064,2766
31068,2767
31072,2768
31076,2769
31080,2770
31084,2771
31088,2772
31092,2773
31096,2774
31100,2775
31104,2776
31108,2777
31112,2778
31116,2779
31120,2780
31124,2781
31128,2782
31132,2783
31136,2784
31140,2785
31144,2786
31148,2787
31152,2788
31156,2789
31160,2790
31164,2791
31168,2792
31172,2793
31176,2794
31180,2795
31184,2796
31188,2797
31192,2798
31196,2799
31200,2800
31204,2801
31208,2802
31212,2803
31216,2804
31220,2805
31224,2806
31228,2807
31232,2808
31236,2809
31240,2810
31244,2811
31248,2812
31252,2813
31256,2814
31260,2815
31264,2816
31268,2817
31272,2818
31276,2819
31280,2820
31284,2821
31288,2822
31292,2823
31296,2824
31300,2825
31304,2826
31308,2827
31312,2828
31316,2829
31320,2830
31324,2831
31328,2832
31332,2833
31336,2834
31340,2835
31344,2836
31348,2837
31352,2838
31356,2839
31360,2840
31364,2841
31368,2842
31372,2843
31376,2844
31380,2845
31384,2846
31388,2847
31392,2848
31396,2849
31400,2850
31404,2851
31408,2852
31412,2853
31416,2854
31420,2855
31424,2856
31428,2857
31432,2858
31436,2859
31440,2860
31444,2861
31448,2862
31452,2863
31456,2864
31460,2865
31464,2866
31468,2867
31472,2868
31476,2869
31480,2870
31484,2871
31488,2872
31492,2873
31496,2874
31500,2875
31504,2876
31508,2877
31512,2878
31516,2879
31520,2880
31524,2881
31528,2882
31532,2883
31536,2884
31540,2885
31544,2886
31548,2887
31552,2888
31556,2889
31560,2890
31564,2891
31568,2892
31572,2893
31576,2894
31580,2895
31584,2896
31588,2897
31592,2898
31596,2899
31600,2900
31604,2901
31608,2902
31612,2903
31616,2904
31620,2905
31624,2906
31628,2907
31632,2908
31636,2909
31640,2910
31644,2911
31648,2912
31652,2913
31656,2914
31660,2915
31664,2916
31668,2917
31672,2918
31676,2919
31680,2920
31684,2921
31688,2922
31692,2923
31696,2924
31700,2925
31704,2926
31708,2927
31712,2928
31716,2929
31720,2930
31724,2931
31728,2932
31732,2933
31736,2934
31740,2935
31744,2936
31748,2937
31752,2938
31756,2939
31760,2940
31764,2941
31768,2942
31772,2943
31776,2944
31780,2945
31784,2946
31788,2947
31792,2948
31796,2949
31800,2950
31804,2951
31808,2952
31812,2953
31816,2954
31820,2955
31824,2956
31828,2957
31832,2958
31836,2959
31840,2960
31844,2961
31848,2962
31852,2963
31856,2964
31860,2965
31864,2966
31868,2967
31872,2968
31876,2969
31880,2970
31884,2971
31888,2972
31892,2973
31896,2974
31900,2975
31904,2976
31908,2977
31912,2978
31916,2979
31920,2980
31924,2981
31928,2982
31932,2983
31936,2984
31940,2985
31944,2986
31948,2987
31952,2988
31956,2989
31960,2990
31964,2991
31968,2992
31972,2993
31976,2994
31980,2995
31984,2996
31988,2997
31992,2998
31996,2999
32000,3000
32004,3001
32008,3002
32012,3003
32016,3004
32020,3005
32024,3006
32028,3007
32032,3008
32036,3009
32040,3010
32044,3011
32048,3012
32052,3013
32056,3014
32060,3015
32064,3016
32068,3017
32072,3018
32076,3019
32080,3020
32084,3021
32088,3022
32092,3023
32096,3024
32100,3025
32104,3026
32108,3027
32112,3028
32116,3029
32120,3030
32124,3031
32128,3032
32132,3033
32136,3034
32140,3035
32144,3036
32148,3037
32152,3038
32156,3039
32160,3040
32164,3041
32168,3042
32172,3043
32176,3044
32180,3045
32184,3046
32188,3047
32192,3048
32196,3049
32200,3050
32204,3051
32208,3052
32212,3053
32216,3054
32220,3055
32224,3056
32228,3057
32232,3058
32236,3059
32240,3060
32244,3061
32248,3062
32252,3063
32256,3064
32260,3065
32264,3066
32268,3067
32272,3068
32276,3069
32280,3070
32284,3071
32288,3072
32292,3073
32296,3074
32300,3075
32304,3076
32308,3077
32312,3078
32316,3079
32320,3080
32324,3081
32328,3082
32332,3083
32336,3084
32340,3085
32344,3086
32348,3087
32352,3088
32356,3089
32360,3090
32364,3091
32368,3092
32372,3093
32376,3094
32380,3095
32384,3096
32388,3097
32392,3098
32396,3099
32400,3100
32404,3101
32408,3102
32412,3103
32416,3104
32420,3105
32424,3106
32428,3107
32432,3108
32436,3109
32440,3110
32444,3111
32448,3112
32452,3113
32456,3114
32460,3115
32464,3116
32468,3117
32472,3118
32476,3119
32480,3120
32484,3121
32488,3122
32492,3123
32496,3124
32500,3125
32504,3126
32508,3127
32512,3128
32516,3129
32520,3130
32524,3131
32528,3132
32532,3133
32536,3134
32540,3135
32544,3136
32548,3137
32552,3138
32556,3139
32560,3140
32564,3141
32568,3142
32572,3143
32576,3144
32580,3145
32584,3146
32588,3147
32592,3148
32596,3149
32600,3150
32604,3151
32608,3152
32612,3153
32616,3154
32620,3155
32624,3156
32628,3157
32632,3158
32636,3159
32640,3160
32644,3161
32648,3162
32652,3163
32656,3164
32660,3165
32664,3166
32668,3167
32672,3168
32676,3169
32680,3170
32684,3171
32688,3172
32692,3173
32696,3174
32700,3175
32704,3176
32708,3177
32712,3178
32716,3179
32720,3180
32724,3181
32728,3182
32732,3183
32736,3184
32740,3185
32744,3186
32748,3187
32752,3188
32756,3189
32760,3190
32764,3191
32768,3192
32772,3193
32776,3194
32780,3195
32784,3196
32788,3197
32792,3198
32796,3199
32800,3200
32804,3201
32808,3202
32812,3203
32816,3204
32820,3205
32824,3206
32828,3207
32832,3208
32836,3209
32840,3210
32844,3211
32848,3212
32852,3213
32856,3214
32860,3215
32864,3216
32868,3217
32872,3218
32876,3219
32880,3220
32884,3221
32888,3222
32892,3223
32896,3224
32900,3225
32904,3226
32908,3227
32912,3228
32916,3229
32920,3230
32924,3231
32928,3232
32932,3233
32936,3234
32940,3235
32944,3236
32948,3237
32952,3238
32956,3239
32960,3240
32964,3241
32968,3242
32972,3243
32976,3244
32980,3245
32984,3246
32988,3247
32992,3248
32996,3249
33000,3250
33004,3251
33008,3252
33012,3253
33016,3254
33020,3255
33024,3256
33028,3257
33032,3258
33036,3259
33040,3260
33044,3261
33048,3262
33052,3263
33056,3264
33060,3265
33064,3266
33068,3267
33072,3268
33076,3269
33080,3270
33084,3271
33088,3272
33092,3273
33096,3274
33100,3275
33104,3276
33108,3277
33112,3278
33116,3279
33120,3280
33124,3281
33128,3282
33132,3283
33136,3284
33140,3285
33144,3286
33148,3287
33152,3288
33156,3289
33160,3290
33164,3291
33168,3292
33172,3293
33176,3294
33180,3295
33184,3296
33188,3297
33192,3298
33196,3299
33200,3300
33204,3301
33208,3302
33212,3303
33216,3304
33220,3305
33224,3306
33228,3307
33232,3308
33236,3309
33240,3310
33244,3311
33248,3312
33252,3313
33256,3314
33260,3315
33264,3316
33268,3317
33272,3318
33276,3319
33280,3320
33284,3321
33288,3322
33292,3323
33296,3324
33300,3325
33304,3326
33308,3327
33312,3328
33316,3329
33320,3330
33324,3331
33328,3332
33332,3333
33336,3334
33340,3335
33344,3336
33348,3337
33352,3338
33356,3339
33360,3340
33364,3341
33368,3342
33372,3343
33376,3344
33380,3345
33384,3346
33388,3347
33392,3348
33396,3349
33400,3350
33404,3351
33408,3352
33412,3353
33416,3354
33420,3355
33424,3356
33428,3357
33432,3358
33436,3359
33440,3360
33444,3361
33448,3362
33452,3363
33456,3364
33460,3365
33464,3366
33468,3367
33472,3368
33476,3369
33480,3370
33484,3371
33488,3372
33492,3373
33496,3374
33500,3375
33504,3376
33508,3377
33512,3378
33516,3379
33520,3380
33524,3381
33528,3382
33532,3383
33536,3384
33540,3385
33544,3386
33548,3387
33552,3388
33556,3389
33560,3390
33564,3391
33568,3392
33572,3393
33576,3394
33580,3395
33584,3396
33588,3397
33592,3398
33596,3399
33600,3400
33604,3401
33608,3402
33612,3403
33616,3404
33620,3405
33624,3406
33628,3407
33632,3408
33636,3409
33640,3410
33644,3411
33648,3412
33652,3413
33656,3414
33660,3415
33664,3416
33668,3417
33672,3418
33676,3419
33680,3420
33684,3421
33688,3422
33692,3423
33696,3424
33700,3425
33704,3426
33708,3427
33712,3428
33716,3429
33720,3430
33724,3431
33728,3432
33732,3433
33736,3434
33740,3435
33744,3436
33748,3437
33752,3438
33756,3439
33760,3440
33764,3441
33768,3442
33772,3443
33776,3444
33780,3445
33784,3446
33788,3447
33792,3448
33796,3449
33800,3450
33804,3451
33808,3452
33812,3453
33816,3454
33820,3455
33824,3456
33828,3457
33832,3458
33836,3459
33840,3460
33844,3461
33848,3462
33852,3463
33856,3464
33860,3465
33864,3466
33868,3467
33872,3468
33876,3469
33880,3470
33884,3471
33888,3472
33892,3473
33896,3474
33900,3475
33904,3476
33908,3477
33912,3478
33916,3479
33920,3480
33924,3481
33928,3482
33932,3483
33936,3484
33940,3485
33944,3486
33948,3487
33952,3488
33956,3489
33960,3490
33964,3491
33968,3492
33972,3493
33976,3494
33980,3495
33984,3496
33988,3497
33992,3498
33996,3499
34000,3500
34004,3501
34008,3502
34012,3503
34016,3504
34020,3505
34024,3506
34028,3507
34032,3508
34036,3509
34040,3510
34044,3511
34048,3512
34052,3513
34056,3514
34060,3515
34064,3516
34068,3517
34072,3518
34076,3519
34080,3520
34084,3521
34088,3522
34092,3523
34096,3524
34100,3525
34104,3526
34108,3527
34112,3528
34116,3529
34120,3530
34124,3531
34128,3532
34132,3533
34136,3534
34140,3535
34144,3536
34148,3537
34152,3538
34156,3539
34160,3540
34164,3541
34168,3542
34172,3543
34176,3544
34180,3545
34184,3546
34188,3547
34192,3548
34196,3549
34200,3550
34204,3551
34208,3552
34212,3553
34216,3554
34220,3555
34224,3556
34228,3557
34232,3558
34236,3559
34240,3560
34244,3561
34248,3562
34252,3563
34256,3564
34260,3565
34264,3566
34268,3567
34272,3568
34276,3569
34280,3570
34284,3571
34288,3572
34292,3573
34296,3574
34300,3575
34304,3576
34308,3577
34312,3578
34316,3579
34320,3580
34324,3581
34328,3582
34332,3583
34336,3584
34340,3585
34344,3586
34348,3587
34352,3588
34356,3589
34360,3590
34364,3591
34368,3592
34372,3593
34376,3594
34380,3595
34384,3596
34388,3597
34392,3598
34396,3599
34400,3600
34404,3601
34408,3602
34412,3603
34416,3604
34420,3605
34424,3606
34428,3607
34432,3608
34436,3609
34440,3610
34444,3611
34448,3612
34452,3613
34456,3614
34460,3615
34464,3616
34468,3617
34472,3618
34476,3619
34480,3620
34484,3621
34488,3622
34492,3623
34496,3624
34500,3625
34504,3626
34508,3627
34512,3628
34516,3629
34520,3630
34524,3631
34528,3632
34532,3633
34536,3634
34540,3635
34544,3636
34548,3637
34552,3638
34556,3639
34560,3640
34564,3641
34568,3642
34572,3643
34576,3644
34580,3645
34584,3646
34588,3647
34592,3648
34596,3649
34600,3650
34604,3651
34608,3652
34612,3653
34616,3654
34620,3655
34624,3656
34628,3657
34632,3658
34636,3659
34640,3660
34644,3661
34648,3662
34652,3663
34656,3664
34660,3665
34664,3666
34668,3667
34672,3668
34676,3669
34680,3670
34684,3671
34688,3672
34692,3673
34696,3674
34700,3675
34704,3676
34708,3677
34712,3678
34716,3679
34720,3680
34724,3681
34728,3682
34732,3683
34736,3684
34740,3685
34744,3686
34748,3687
34752,3688
34756,3689
34760,3690
34764,3691
34768,3692
34772,3693
34776,3694
34780,3695
34784,3696
34788,3697
34792,3698
34796,3699
34800,3700
34804,3701
34808,3702
34812,3703
34816,3704
34820,3705
34824,3706
34828,3707
34832,3708
34836,3709
34840,3710
34844,3711
34848,3712
34852,3713
34856,3714
34860,3715
34864,3716
34868,3717
34872,3718
34876,3719
34880,3720
34884,3721
34888,3722
34892,3723
34896,3724
34900,3725
34904,3726
34908,3727
34912,3728
34916,3729
34920,3730
34924,3731
34928,3732
34932,3733
34936,3734
34940,3735
34944,3736
34948,3737
34952,3738
34956,3739
34960,3740
34964,3741
34968,3742
34972,3743
34976,3744
34980,3745
34984,3746
34988,3747
34992,3748
34996,3749
35000,3750
35004,3751
35008,3752
35012,3753
35016,3754
35020,3755
35024,3756
35028,3757
35032,3758
35036,3759
35040,3760
35044,3761
35048,3762
35052,3763
35056,3764
35060,3765
35064,3766
35068,3767
35072,3768
35076,3769
35080,3770
35084,3771
35088,3772
35092,3773
35096,3774
35100,3775
35104,3776
35108,3777
35112,3778
35116,3779
35120,3780
35124,3781
35128,3782
35132,3783
35136,3784
35140,3785
35144,3786
35148,3787
35152,3788
35156,3789
35160,3790
35164,3791
35168,3792
35172,3793
35176,3794
35180,3795
35184,3796
35188,3797
35192,3798
35196,3799
35200,3800
35204,3801
35208,3802
35212,3803
35216,3804
35220,3805
35224,3806
35228,3807
35232,3808
35236,3809
35240,3810
35244,3811
35248,3812
35252,3813
35256,3814
35260,3815
35264,3816
35268,3817
35272,3818
35276,3819
35280,3820
35284,3821
35288,3822
35292,3823
35296,3824
35300,3825
35304,3826
35308,3827
35312,3828
35316,3829
35320,3830
35324,3831
35328,3832
35332,3833
35336,3834
35340,3835
35344,3836
35348,3837
35352,3838
35356,3839
35360,3840
35364,3841
35368,3842
35372,3843
35376,3844
35380,3845
35384,3846
35388,3847
35392,3848
35396,3849
35400,3850
35404,3851
35408,3852
35412,3853
35416,3854
35420,3855
35424,3856
35428,3857
35432,3858
35436,3859
35440,3860
35444,3861
35448,3862
35452,3863
35456,3864
35460,3865
35464,3866
35468,3867
35472,3868
35476,3869
35480,3870
35484,3871
35488,3872
35492,3873
35496,3874
35500,3875
35504,3876
35508,3877
35512,3878
35516,3879
35520,3880
35524,3881
35528,3882
35532,3883
35536,3884
35540,3885
35544,3886
35548,3887
35552,3888
35556,3889
35560,3890
35564,3891
35568,3892
35572,3893
35576,3894
35580,3895
35584,3896
35588,3897
35592,3898
35596,3899
35600,3900
35604,3901
35608,3902
35612,3903
35616,3904
35620,3905
35624,3906
35628,3907
35632,3908
35636,3909
35640,3910
35644,3911
35648,3912
35652,3913
35656,3914
35660,3915
35664,3916
35668,3917
35672,3918
35676,3919
35680,3920
35684,3921
35688,3922
35692,3923
35696,3924
35700,3925
35704,3926
35708,3927
35712,3928
35716,3929
35720,3930
35724,3931
35728,3932
35732,3933
35736,3934
35740,3935
35744,3936
35748,3937
35752,3938
35756,3939
35760,3940
35764,3941
35768,3942
35772,3943
35776,3944
35780,3945
35784,3946
35788,3947
35792,3948
35796,3949
35800,3950
35804,3951
35808,3952
35812,3953
35816,3954
35820,3955
35824,3956
35828,3957
35832,3958
35836,3959
35840,3960
35844,3961
35848,3962
35852,3963
35856,3964
35860,3965
35864,3966
35868,3967
35872,3968
35876,3969
35880,3970
35884,3971
35888,3972
35892,3973
35896,3974
35900,3975
35904,3976
35908,3977
35912,3978
35916,3979
35920,3980
35924,3981
35928,3982
35932,3983
35936,3984
35940,3985
35944,3986
35948,3987
35952,3988
35956,3989
35960,3990
35964,3991
35968,3992
35972,3993
35976,3994
35980,3995
35984,3996
35988,3997
35992,3998
35996,3999
36000,4000
36004,4001
36008,4002
36012,4003
36016,4004
36020,4005
36024,4006
36028,4007
36032,4008
36036,4009
36040,4010
36044,4011
36048,4012
36052,4013
36056,4014
36060,4015
36064,4016
36068,4017
36072,4018
36076,4019
36080,4020
36084,4021
36088,4022
36092,4023
36096,4024
36100,4025
36104,4026
36108,4027
36112,4028
36116,4029
36120,4030
36124,4031
36128,4032
36132,4033
36136,4034
36140,4035
36144,4036
36148,4037
36152,4038
36156,4039
36160,4040
36164,4041
36168,4042
36172,4043
36176,4044
36180,4045
36184,4046
36188,4047
36192,4048
36196,4049
36200,4050
36204,4051
36208,4052
36212,4053
36216,4054
36220,4055
36224,4056
36228,4057
36232,4058
36236,4059
36240,4060
36244,4061
36248,4062
36252,4063
36256,4064
36260,4065
36264,4066
36268,4067
36272,4068
36276,4069
36280,4070
36284,4071
36288,4072
36292,4073
36296,4074
36300,4075
36304,4076
36308,4077
36312,4078
36316,4079
36320,4080
36324,4081
36328,4082
36332,4083
36336,4084
36340,4085
36344,4086
36348,4087
36352,4088
36356,4089
36360,4090
36364,4091
36368,4092
36372,4093
36376,4094
36380,4095
36384,100
36388,101
36392,102
36396,103
36400,104
36404,105
36408,106
36412,107
36416,108
36420,109
36424,110
36428,111
36432,112
36436,113
36440,114
36444,115
36448,116
36452,117
36456,118
36460,119
36464,120
36468,121
36472,122
36476,123
36480,124
36484,125
36488,126
36492,127
36496,128
36500,129
36504,130
36508,131
36512,132
36516,133
36520,134
36524,135
36528,136
36532,137
36536,138
36540,139
36544,140
36548,141
36552,142
36556,143
36560,144
36564,145
36568,146
36572,147
36576,148
36580,149
36584,150
36588,151
36592,152
36596,153
36600,154
36604,155
36608,156
36612,157
36616,158
36620,159
36624,160
36628,161
36632,162
36636,163
36640,164
36644,165
36648,166
36652,167
36656,168
36660,169
36664,170
36668,171
36672,172
36676,173
36680,174
36684,175
36688,176
36692,177
36696,178
36700,179
36704,180
36708,181
36712,182
36716,183
36720,184
36724,185
36728,186
36732,187
36736,188
36740,189
36744,190
36748,191
36752,192
36756,193
36760,194
36764,195
36768,196
36772,197
36776,198
36780,199
36784,200
36788,201
36792,202
36796,203
36800,204
36804,205
36808,206
36812,207
36816,208
36820,209
36824,210
36828,211
36832,212
36836,213
36840,214
36844,215
36848,216
36852,217
36856,218
36860,219
36864,220
36868,221
36872,222
36876,223
36880,224
36884,225
36888,226
36892,227
36896,228
36900,229
36904,230
36908,231
36912,232
36916,233
36920,234
36924,235
36928,236
36932,237
36936,238
36940,239
36944,240
36948,241
36952,242
36956,243
36960,244
36964,245
36968,246
36972,247
36976,248
36980,249
36984,250
36988,251
36992,252
36996,253
37000,254
37004,255
37008,256
37012,257
37016,258
37020,259
37024,260
37028,261
37032,262
37036,263
37040,264
37044,265
37048,266
37052,267
37056,268
37060,269
37064,270
37068,271
37072,272
37076,273
37080,274
37084,275
37088,276
37092,277
37096,278
37100,279
37104,280
37108,281
37112,282
37116,283
37120,284
37124,285
37128,286
37132,287
37136,288
37140,289
37144,290
37148,291
37152,292
37156,293
37160,294
37164,295
37168,296
37172,297
37176,298
37180,299
37184,300
37188,301
37192,302
37196,303
37200,304
37204,305
37208,306
37212,307
37216,308
37220,309
37224,310
37228,311
37232,312
37236,313
37240,314
37244,315
37248,316
37252,317
37256,318
37260,319
37264,320
37268,321
37272,322
37276,323
37280,324
37284,325
37288,326
37292,327
37296,328
37300,329
37304,330
37308,331
37312,332
37316,333
37320,334
37324,335
37328,336
37332,337
37336,338
37340,339
37344,340
37348,341
37352,342
37356,343
37360,344
37364,345
37368,346
37372,347
37376,348
37380,349
37384,350
37388,351
37392,352
37396,353
37400,354
37404,355
37408,542976
37412,544992
37416,547008
37420,549024
37424,1468672
37428,1474784
37432,1480896
37436,1487008
37440,2394368
37444,2404576
37448,2414784
37452,2424992
37456,3320064
37460,3334368
37464,3348672
37468,3362976
37472,4245760
37476,4264160
37480,4282560
37484,4300960
37488,5171456
37492,5193952
37496,5216448
37500,5238944
37504,6097152
37508,6123744
37512,6150336
37516,6176928
37520,7022848
37524,7053536
37528,7084224
37532,7114912
37536,7948544
37540,7983328
37544,8018112
37548,8052896
37552,8874240
37556,8913120
37560,8952000
37564,8990880
37568,9799936
37572,9842912
37576,9885888
37580,9928864
37584,10725632
37588,10772704
37592,10819776
37596,10866848
37600,11651328
37604,11702496
37608,11753664
37612,11804832
37616,12577024
37620,12632288
37624,12687552
37628,12742816
37632,13502720
37636,13562080
37640,13621440
37644,13680800
37648,14428416
37652,14491872
37656,14555328
37660,14618784
37664,15354112
37668,15421664
37672,15489216
37676,15556768
37680,16279808
37684,16351456
37688,16423104
37692,16494752
37696,17205504
37700,17281248
37704,17356992
37708,17432736
37712,18131200
37716,18211040
37720,18290880
37724,18370720
37728,19056896
37732,19140832
37736,19224768
37740,19308704
37744,19982592
37748,20070624
37752,20158656
37756,20246688
37760,20908288
37764,21000416
37768,21092544
37772,21184672
37776,21833984
37780,21930208
37784,22026432
37788,22122656
37792,22759680
37796,22860000
37800,22960320
37804,23060640
37808,23685376
37812,23789792
37816,23894208
37820,23998624
37824,24611072
37828,24719584
37832,24828096
37836,24936608
37840,25536768
37844,25649376
37848,25761984
37852,25874592
37856,26462464
37860,26579168
37864,26695872
37868,26812576
37872,27388160
37876,27508960
37880,27629760
37884,27750560
37888,28313856
37892,28438752
37896,28563648
37900,28688544
37904,29239552
37908,29368544
37912,29497536
37916,29626528
37920,30165248
37924,30298336
37928,30431424
37932,30564512
37936,31090944
37940,31228128
37944,31365312
37948,31502496
37952,32016640
37956,32157920
37960,32299200
37964,32440480
37968,32942336
37972,33087712
37976,33233088
37980,33378464
37984,33868032
37988,34017504
37992,34166976
37996,34316448
38000,34793728
38004,34947296
38008,35100864
38012,35254432
38016,35719424
38020,35877088
38024,36034752
38028,36192416
38032,36645120
38036,36806880
38040,36968640
38044,37130400
38048,37570816
38052,37736672
38056,37902528
38060,38068384
38064,38496512
38068,38666464
38072,38836416
38076,39006368
38080,39422208
38084,39596256
38088,39770304
38092,39944352
38096,40347904
38100,40526048
38104,40704192
38108,40882336
38112,41273600
38116,41455840
38120,41638080
38124,41820320
38128,42199296
38132,42385632
38136,42571968
38140,42758304
38144,43124992
38148,43315424
38152,43505856
38156,43696288
38160,44050688
38164,44245216
38168,44439744
38172,44634272
38176,44976384
38180,45175008
38184,45373632
38188,45572256
38192,45902080
38196,46104800
38200,46307520
38204,46510240
38208,46827776
38212,47034592
38216,47241408
38220,47448224
38224,47753472
38228,47964384
38232,48175296
38236,48386208
38240,48679168
38244,48894176
38248,49109184
38252,49324192
38256,49604864
38260,49823968
38264,50043072
38268,50262176
38272,50530560
38276,50753760
38280,50976960
38284,51200160
38288,51456256
38292,51683552
38296,51910848
38300,52138144
38304,52381952
38308,52613344
38312,52844736
38316,53076128
38320,53307648
38324,53543136
38328,53778624
38332,54014112
38336,54233344
38340,54472928
38344,54712512
38348,54952096
38352,55159040
38356,55402720
38360,55646400
38364,55890080
38368,56084736
38372,56332512
38376,56580288
38380,56828064
38384,57010432
38388,57262304
38392,57514176
38396,57766048
38400,57936128
38404,58192096
38408,58448064
38412,58704032
38416,58861824
38420,59121888
38424,59381952
38428,59642016
