0,,,,
NOP,NOP,"LWD ROUT, 4","SADD ROUT, 15 ZERO",NOP
NOP,NOP,NOP,NOP,"LWD ROUT, 4"
"SADD ROUT, ZERO 60",NOP,NOP,NOP,"SADD ROUT, ZERO 60"
"SADD ROUT, ZERO 60",NOP,"SADD ROUT, 15 ZERO","SADD ROUT, 15 ZERO",NOP
"LWD ROUT, 4","SADD ROUT, 15 ZERO","SADD ROUT, 15 ZERO",NOP,"SADD ROUT, 15 ZERO"
1,,,,
NOP,NOP,NOP,NOP,"SLT ROUT, RCL 12"
NOP,NOP,NOP,NOP,NOP
NOP,NOP,"SLT R0, RCB 12","SLT R0, RCB 12",NOP
NOP,NOP,NOP,NOP,NOP
NOP,"SLT ROUT, RCR 12","SLT R0, RCL 12","SLT R0, RCR 12",NOP
2,,,,
NOP,"SADD ROUT, 3588,RCT",NOP,"SADD ROUT, 3600,RCR",NOP
NOP,NOP,NOP,NOP,NOP
NOP,NOP,"SADD ROUT, 3592,R0","SADD R0, 3604,R0",NOP
NOP,NOP,NOP,NOP,NOP
NOP,NOP,"SADD ROUT, 3596,R0","SADD ROUT, 3584,R0",NOP
3,,,,
"SWI RCT,RCR",NOP,"SADD ROUT, RCT ZERO",NOP,NOP
"SADD ROUT, RCB ZERO",NOP,NOP,NOP,NOP
NOP,NOP,NOP,"SWI RCR,R0",NOP
NOP,NOP,NOP,NOP,NOP
NOP,NOP,"SADD R0, RCB ZERO",NOP,NOP
4,,,,
NOP,NOP,NOP,NOP,NOP
NOP,"SADD ROUT, RCL ZERO",NOP,"SADD ROUT, RCR ZERO",NOP
NOP,NOP,NOP,NOP,NOP
NOP,NOP,NOP,NOP,"SADD ROUT, RCR ZERO"
NOP,NOP,"SWI R0,RCR","SADD ROUT, RCB ZERO",NOP
5,,,,
NOP,NOP,NOP,NOP,NOP
NOP,NOP,"SWI RCL,RCT",NOP,NOP
NOP,NOP,NOP,"SWI RCT,RCL",NOP
NOP,NOP,NOP,"SWI RCR,RCB",NOP
"NOP",NOP,NOP,NOP,NOP
6,,,,
"SADD R3, ZERO, 63","SADD R3, ZERO, 63","SADD R3, ZERO, 63","SADD R3, ZERO, 63","SADD R3, ZERO, 63"
"SADD R3, ZERO, 63","SADD R3, ZERO, 63","SADD R3, ZERO, 63","SADD R3, ZERO, 63",NOP
NOP,"SADD R3, ZERO, 63","SADD R3, ZERO, 63","SADD R3, ZERO, 63","SADD R3, ZERO, 63"
"SADD R3, ZERO, 63",NOP,"SADD R3, ZERO, 63","SADD R3, ZERO, 63","SADD R3, ZERO, 63"
"SADD R3, ZERO, 63","SADD R3, ZERO, 63",NOP,NOP,"SADD R3, ZERO, 63"
7,,,,
"SMUL R3, R3, 1024","SMUL R3, R3, 1024","SMUL R3, R3, 1024","SMUL R3, R3, 1024","SMUL R3, R3, 1024"
"SMUL R3, R3, 1024","SMUL R3, R3, 1024","SMUL R3, R3, 1024","SMUL R3, R3, 1024",NOP
NOP,"SMUL R3, R3, 1024","SMUL R3, R3, 1024","SMUL R3, R3, 1024","SMUL R3, R3, 1024"
"SMUL R3, R3, 1024",NOP,"SMUL R3, R3, 1024","SMUL R3, R3, 1024","SMUL R3, R3, 1024"
"SMUL R3, R3, 1024","SMUL R3, R3, 1024",NOP,NOP,"SMUL R3, R3, 1024"
8,,,,
"SADD R3, R3, 516","SADD R3, R3, 520","SADD R3, R3, 512","SADD R3, R3, 524","SADD R3, R3, 532"
"SADD R3, R3, 532","SADD R3, R3, 516","SADD R3, R3, 520","SADD R3, R3, 512",NOP
NOP,"SADD R3, R3, 528","SADD R3, R3, 516","SADD R3, R3, 520","SADD R3, R3, 512"
"SADD R3, R3, 512",NOP,"SADD R3, R3, 532","SADD R3, R3, 516","SADD R3, R3, 520"
"SADD R3, R3, 520","SADD R3, R3, 512",NOP,NOP,"SADD R3, R3, 516"
9,,,,
"LWI R1, R3","LWI R1, R3","LWI R1, R3","LWI R3, R3","LWI R3, R3"
"LWI R3, R3","LWI R1, R3","LWI R1, R3","LWI R1, R3",NOP
NOP,"LWI R2, R3","LWI R1, R3","LWI R1, R3","LWI R1, R3"
"LWI R1, R3",NOP,"LWI R3, R3","LWI R1, R3","LWI R1, R3"
"LWI R1, R3","LWI R1, R3",NOP,NOP,"LWI R1, R3"
10,,,,
"SMUL R2, R1, 1","SADD R3, ZERO, 63","SMUL R2, R1, 1","SMUL R1, R3, 205","SMUL R1, R3, 205"
"SMUL R1, R3, 205","SADD R3, ZERO, 63","SADD R3, ZERO, 63","SADD R3, ZERO, 63",NOP
NOP,NOP,"SADD R3, ZERO, 63","SADD R3, ZERO, 63","SADD R3, ZERO, 63"
"SADD R3, ZERO, 63",NOP,"SMUL R1, R3, 205","SADD R3, ZERO, 63","SADD R3, ZERO, 63"
"SADD R3, ZERO, 63","SADD R3, ZERO, 63",NOP,NOP,"SADD R3, ZERO, 63"
11,,,,
"SADD R3, ZERO, 63","SMUL R3, R3, 1024",NOP,"SRT R2, R1, 10","SRT R2, R1, 10"
"SRT R2, R1, 10","SMUL R3, R3, 1024","SMUL R3, R3, 1024","SMUL R3, R3, 1024",NOP
NOP,NOP,"SMUL R3, R3, 1024","SMUL R3, R3, 1024","SMUL R3, R3, 1024"
"SMUL R3, R3, 1024",NOP,"SRT R2, R1, 10","SMUL R3, R3, 1024","SMUL R3, R3, 1024"
"SMUL R3, R3, 1024","SMUL R3, R3, 1024",NOP,NOP,"SMUL R3, R3, 1024"
12,,,,
"SMUL R3, R3, 1024","SADD R3, R3, 532",NOP,NOP,NOP
NOP,"SADD R3, R3, 532","SADD R3, R3, 532","SADD R3, R3, 528",NOP
NOP,NOP,"SADD R3, R3, 532","SADD R3, R3, 532","SADD R3, R3, 528"
"SADD R3, R3, 528",NOP,NOP,"SADD R3, R3, 532","SADD R3, R3, 532"
"SADD R3, R3, 532","SADD R3, R3, 528",NOP,NOP,"SADD R3, R3, 532"
13,,,,
"SADD R3, R3, 532","LWI R3, R3",NOP,NOP,NOP
NOP,"LWI R3, R3","LWI R3, R3","LWI R3, R3",NOP
NOP,NOP,"LWI R3, R3","LWI R3, R3","LWI R3, R3"
"LWI R3, R3",NOP,NOP,"LWI R3, R3","LWI R3, R3"
"LWI R3, R3","LWI R3, R3",NOP,NOP,"LWI R3, R3"
14,,,,
"LWI R3, R3","SADD R0, ZERO, 1",NOP,NOP,NOP
NOP,"SADD R0, ZERO, 1","SMUL R0, R3, 1","SMUL R0, R3, 1",NOP
NOP,NOP,"SADD R0, ZERO, 2","SMUL R0, R3, 2","SMUL R0, R3, 2"
"SMUL R0, R3, 3",NOP,NOP,"SADD R0, ZERO, 3","SMUL R0, R3, 3"
"SMUL R0, R3, 4","SMUL R0, R3, 4",NOP,NOP,"SADD R0, ZERO, 4"
15,,,,
"SMUL R0, R3, 4","SMUL R0, R0, 4",NOP,NOP,NOP
NOP,"SMUL R0, R0, 4","SADD R0, R0, 2","SMUL R0, R0, 4",NOP
NOP,NOP,"SMUL R0, R0, 4","SADD R0, R0, 3","SMUL R0, R0, 4"
"SMUL R0, R0, 4",NOP,NOP,"SMUL R0, R0, 4","SADD R0, R0, 4"
"SMUL R0, R0, 4","SMUL R0, R0, 4",NOP,NOP,"SMUL R0, R0, 4"
16,,,,
"SMUL R1, R0, -1","SADD R2, R1, R0",NOP,NOP,NOP
NOP,"SADD R2, R1, R0","SMUL R0, R0, 4","SADD R2, R1, R0",NOP
NOP,NOP,"SADD R2, R1, R0","SMUL R0, R0, 4","SADD R2, R1, R0"
"SADD R2, R1, R0",NOP,NOP,"SADD R2, R1, R0","SMUL R0, R0, 4"
"SADD R2, R1, R0","SADD R2, R1, R0",NOP,NOP,"SADD R2, R1, R0"
17,,,,
NOP,"SADD R3, ZERO, 63",NOP,NOP,NOP
NOP,"SADD R3, ZERO, 63","SADD R2, R1, R0",NOP,NOP
NOP,NOP,"SADD R3, ZERO, 63","SADD R2, R1, R0",NOP
NOP,NOP,NOP,"SADD R3, ZERO, 63","SADD R2, R1, R0"
"SADD R3, ZERO, 63",NOP,NOP,NOP,"SADD R3, ZERO, 63"
18,,,,
NOP,"SMUL R3, R3, 1024",NOP,NOP,NOP
NOP,"SMUL R3, R3, 1024","SADD R3, ZERO, 63",NOP,NOP
NOP,NOP,"SMUL R3, R3, 1024","SADD R3, ZERO, 63",NOP
NOP,NOP,NOP,"SMUL R3, R3, 1024","SADD R3, ZERO, 63"
"SMUL R3, R3, 1024",NOP,NOP,NOP,"SMUL R3, R3, 1024"
19,,,,
NOP,"SADD R3, R3, 528",NOP,NOP,NOP
NOP,"SADD R3, R3, 532","SMUL R3, R3, 1024",NOP,NOP
NOP,NOP,"SADD R3, R3, 532","SMUL R3, R3, 1024",NOP
NOP,NOP,NOP,"SADD R3, R3, 532","SMUL R3, R3, 1024"
"SADD R3, R3, 528",NOP,NOP,NOP,"SADD R3, R3, 532"
20,,,,
NOP,"LWI R1, R3",NOP,NOP,NOP
NOP,"LWI R3, R3","SADD R3, R3, 528",NOP,NOP
NOP,NOP,"LWI R3, R3","SADD R3, R3, 528",NOP
NOP,NOP,NOP,"LWI R3, R3","SADD R3, R3, 528"
"LWI R1, R3",NOP,NOP,NOP,"LWI R3, R3"
21,,,,
NOP,NOP,NOP,NOP,NOP
NOP,"SMUL R0, R3, 4","LWI R1, R3",NOP,NOP
NOP,NOP,"SMUL R0, R3, 4","LWI R1, R3",NOP
NOP,NOP,NOP,"SMUL R0, R3, 4","LWI R1, R3"
NOP,NOP,NOP,NOP,"SMUL R0, R3, 4"
22,,,,
NOP,NOP,"SADD R1, ZERO, ZERO","SADD R1, ZERO, ZERO","SADD R1, ZERO, ZERO"
"SADD R1, ZERO, ZERO","SMUL R1, R0, -1",NOP,"SADD R1, ZERO, ZERO","SADD R1, ZERO, ZERO"
"SADD R1, ZERO, ZERO","SADD R1, ZERO, ZERO","SMUL R1, R0, -1",NOP,"SADD R1, ZERO, ZERO"
"SADD R1, ZERO, ZERO","SADD R1, ZERO, ZERO","SADD R1, ZERO, ZERO","SMUL R1, R0, -1",NOP
NOP,"SADD R1, ZERO, ZERO","SADD R1, ZERO, ZERO","SADD R1, ZERO, ZERO","SMUL R1, R0, -1"
23,,,,
"SADD R3, ZERO, ZERO","SADD R3, ZERO, ZERO","SADD R3, ZERO, ZERO","SADD R3, ZERO, ZERO","SADD R3, ZERO, ZERO"
"SADD R3, ZERO, ZERO","SADD R3, ZERO, ZERO","SADD R3, ZERO, ZERO","SADD R3, ZERO, ZERO","SADD R3, ZERO, ZERO"
"SADD R3, ZERO, ZERO","SADD R3, ZERO, ZERO","SADD R3, ZERO, ZERO","SADD R3, ZERO, ZERO","SADD R3, ZERO, ZERO"
"SADD R3, ZERO, ZERO","SADD R3, ZERO, ZERO","SADD R3, ZERO, ZERO","SADD R3, ZERO, ZERO","SADD R3, ZERO, ZERO"
"SADD R3, ZERO, ZERO","SADD R3, ZERO, ZERO","SADD R3, ZERO, ZERO","SADD R3, ZERO, ZERO","SADD R3, ZERO, ZERO"
24,,,,
"LWI R0, R2",NOP,"LWI R0, R2",NOP,NOP
NOP,"LWI R0, R2",NOP,"LWI R0, R2",NOP
NOP,"SADD R1, R1, 1","LWI R0, R2",NOP,"LWI R0, R2"
"LWI R0, R2",NOP,NOP,"LWI R0, R2",NOP
NOP,"LWI R0, R2",NOP,NOP,"LWI R0, R2"
25,,,,
NOP,"SADD R0, ZERO, RCB",NOP,"SADD R0, ZERO, RCL","SADD R0, ZERO, RCT"
"SADD R0, ZERO, RCT",NOP,"SADD R0, ZERO, RCB",NOP,"SADD R0, ZERO, RCL"
"SADD R0, ZERO, RCL","SADD R0, ZERO, RCT",NOP,"SADD R0, ZERO, RCB",NOP
NOP,"SADD R0, ZERO, RCL","SADD R0, ZERO, RCT",NOP,"SADD R0, ZERO, RCB"
"SADD R0, ZERO, RCB",NOP,"SADD R0, ZERO, RCL","SADD R0, ZERO, RCT",NOP
26,,,,
NOP,"SADD ROUT, ZERO, RCR","SADD ROUT, ZERO, RCB","SADD ROUT, ZERO, RCT","SADD ROUT, ZERO, RCL"
"SADD ROUT, ZERO, RCL",NOP,"SADD ROUT, ZERO, RCR","SADD ROUT, ZERO, RCB","SADD ROUT, ZERO, RCT"
"SADD ROUT, ZERO, RCT","SADD ROUT, ZERO, RCL",NOP,"SADD ROUT, ZERO, RCR","SADD ROUT, ZERO, RCB"
"SADD ROUT, ZERO, RCB","SADD ROUT, ZERO, RCT","SADD ROUT, ZERO, RCL",NOP,"SADD ROUT, ZERO, RCR"
"SADD ROUT, ZERO, RCR","SADD ROUT, ZERO, RCB","SADD ROUT, ZERO, RCT","SADD ROUT, ZERO, RCL",NOP
27,,,,
"SADD ROUT, ZERO, RCR",NOP,NOP,NOP,NOP
NOP,"SADD ROUT, ZERO, RCR",NOP,NOP,NOP
NOP,NOP,"SADD ROUT, ZERO, RCR",NOP,NOP
NOP,NOP,NOP,"SADD ROUT, ZERO, RCR",NOP
NOP,NOP,NOP,NOP,"SADD ROUT, ZERO, RCR"
28,,,,
"SMUL ROUT, R0, ROUT","SMUL ROUT, R0, ROUT","SMUL ROUT, R0, ROUT","SMUL ROUT, R0, ROUT","SMUL ROUT, R0, ROUT"
"SMUL ROUT, R0, ROUT","SMUL ROUT, R0, ROUT","SMUL ROUT, R0, ROUT","SMUL ROUT, R0, ROUT","SMUL ROUT, R0, ROUT"
"SMUL ROUT, R0, ROUT","SMUL ROUT, R0, ROUT","SMUL ROUT, R0, ROUT","SMUL ROUT, R0, ROUT","SMUL ROUT, R0, ROUT"
"SMUL ROUT, R0, ROUT","SMUL ROUT, R0, ROUT","SMUL ROUT, R0, ROUT","SMUL ROUT, R0, ROUT","SMUL ROUT, R0, ROUT"
"SMUL ROUT, R0, ROUT","SMUL ROUT, R0, ROUT","SMUL ROUT, R0, ROUT","SMUL ROUT, R0, ROUT","SMUL ROUT, R0, ROUT"
29,,,,
"SADD R3, R3, ROUT","SADD R3, R3, ROUT","SADD R3, R3, ROUT","SADD R3, R3, ROUT","SADD R3, R3, ROUT"
"SADD R3, R3, ROUT","SADD R3, R3, ROUT","SADD R3, R3, ROUT","SADD R3, R3, ROUT","SADD R3, R3, ROUT"
"SADD R3, R3, ROUT","SADD R3, R3, ROUT","SADD R3, R3, ROUT","SADD R3, R3, ROUT","SADD R3, R3, ROUT"
"SADD R3, R3, ROUT","SADD R3, R3, ROUT","SADD R3, R3, ROUT","SADD R3, R3, ROUT","SADD R3, R3, ROUT"
"SADD R3, R3, ROUT","SADD R3, R3, ROUT","SADD R3, R3, ROUT","SADD R3, R3, ROUT","SADD R3, R3, ROUT"
30,,,,
"SSUB R2, R2, R1",NOP,"SADD R2, R2, 4",NOP,NOP
NOP,"SSUB R2, R2, R1",NOP,"SADD R2, R2, 4",NOP
NOP,"BNE R1, R2, 24","SSUB R2, R2, R1",NOP,"SADD R2, R2, 4"
"SADD R2, R2, 4",NOP,NOP,"SSUB R2, R2, R1",NOP
NOP,"SADD R2, R2, 4",NOP,NOP,"SSUB R2, R2, R1"
31,,,,
NOP,"SADD ROUT, ZERO, R2",NOP,NOP,NOP
"SADD R1, R1, 1",NOP,"SADD ROUT, ZERO, R2",NOP,NOP
NOP,NOP,NOP,"SADD ROUT, ZERO, R2",NOP
NOP,NOP,NOP,NOP,"SADD ROUT, ZERO, R2"
"SADD ROUT, ZERO, R2",NOP,NOP,NOP,NOP
32,,,,
"SADD ROUT, RCR, -4","SADD R2, R2, 20","SADD ROUT, RCL, 4",NOP,NOP
NOP,"SADD ROUT, RCR, -4","SADD R2, R2, 20","SADD ROUT, RCL, 4",NOP
NOP,NOP,"SADD ROUT, RCR, -4","SADD R2, R2, 20","SADD ROUT, RCL, 4"
"SADD ROUT, RCL, -16",NOP,NOP,"SADD ROUT, RCR, -4","SADD R2, R2, 20"
"SADD R2, R2, 20","SADD ROUT, RCL, 4",NOP,NOP,"SADD ROUT, RCR, 16"
33,,,,
NOP,"SADD ROUT, R2, -20",NOP,"SADD ROUT, RCL, 4","SADD ROUT, RCR, 16"
"SADD ROUT, RCR, -4",NOP,"SADD ROUT, R2, -20",NOP,"SADD ROUT, RCL, 4"
"SADD ROUT, RCL, -16","SADD ROUT, RCR, -4",NOP,"SADD ROUT, R2, -20",NOP
NOP,"SADD ROUT, RCL, 4","SADD ROUT, RCR, -4",NOP,"SADD ROUT, R2, -20"
"SADD ROUT, R2, -20",NOP,"SADD ROUT, RCL, 4","SADD ROUT, RCR, -4",NOP
34,,,,
"SWI R3, ROUT","SWI R3, ROUT","SWI R3, ROUT","SWI R3, ROUT","SWI R3, ROUT"
"SWI R3, ROUT","SWI R3, ROUT","SWI R3, ROUT","SWI R3, ROUT","SWI R3, ROUT"
"SWI R3, ROUT","SWI R3, ROUT","SWI R3, ROUT","SWI R3, ROUT","SWI R3, ROUT"
"SWI R3, ROUT","SWI R3, ROUT","SWI R3, ROUT","SWI R3, ROUT","SWI R3, ROUT"
"SWI R3, ROUT","SWI R3, ROUT","SWI R3, ROUT","SWI R3, ROUT","SWI R3, ROUT"
35,,,,
"SADD R2, R2, 20","SADD ROUT, ZERO, R1",NOP,NOP,NOP
NOP,"SADD R2, R2, 20","SADD ROUT, ZERO, R1",NOP,NOP
NOP,NOP,"SADD R2, R2, 20","SADD ROUT, ZERO, R1",NOP
NOP,NOP,NOP,"SADD R2, R2, 20","SADD ROUT, ZERO, R1"
"SADD ROUT, ZERO, R1",NOP,NOP,NOP,"SADD R2, R2, 20"
36,,,,
"SMUL ROUT, RCR, R1",NOP,"SMUL ROUT, RCL, -4",NOP,NOP
NOP,"SMUL ROUT, RCR, R1",NOP,"SMUL ROUT, RCL, -4",NOP
NOP,"SADD R1, ZERO, ZERO","SMUL ROUT, RCR, R1",NOP,"SMUL ROUT, RCL, -4"
"SMUL ROUT, RCL, -4",NOP,NOP,"SMUL ROUT, RCR, R1",NOP
NOP,"SMUL ROUT, RCL, -4",NOP,NOP,"SMUL ROUT, RCR, R1"
37,,,,
"SADD R2, R2, ROUT",NOP,"SADD R2, R2, ROUT",NOP,NOP
"SADD R3, ZERO, ZERO","SADD R2, R2, ROUT",NOP,"SADD R2, R2, ROUT",NOP
NOP,NOP,"SADD R2, R2, ROUT",NOP,"SADD R2, R2, ROUT"
"SADD R2, R2, ROUT",NOP,NOP,"SADD R2, R2, ROUT",NOP
NOP,"SADD R2, R2, ROUT",NOP,NOP,"SADD R2, R2, ROUT"
38,,,,
"SADD R3, ZERO, ZERO","SADD R3, ZERO, ZERO","SADD R3, ZERO, ZERO","SADD R3, ZERO, ZERO","SADD R3, ZERO, ZERO"
"BNE R1, R2, 24","SADD R3, ZERO, ZERO","SADD R3, ZERO, ZERO","SADD R3, ZERO, ZERO","SADD R3, ZERO, ZERO"
"SADD R3, ZERO, ZERO","SADD R3, ZERO, ZERO","SADD R3, ZERO, ZERO","SADD R3, ZERO, ZERO","SADD R3, ZERO, ZERO"
"SADD R3, ZERO, ZERO","SADD R3, ZERO, ZERO","SADD R3, ZERO, ZERO","SADD R3, ZERO, ZERO","SADD R3, ZERO, ZERO"
"SADD R3, ZERO, ZERO","SADD R3, ZERO, ZERO","SADD R3, ZERO, ZERO","SADD R3, ZERO, ZERO","SADD R3, ZERO, ZERO"
39,,,,
"SMUL ROUT, R1, -5","SMUL ROUT, R1, 20",NOP,"SADD R1, R1, 1","SMUL ROUT, R2, -20"
"SMUL ROUT, R2, -20","SMUL ROUT, R1, -5","SMUL ROUT, R1, 20",NOP,NOP
NOP,NOP,"SMUL ROUT, R1, -5","SMUL ROUT, R1, 20",NOP
NOP,NOP,"SMUL ROUT, R2, -20","SMUL ROUT, R1, -5","SMUL ROUT, R1, 20"
"SMUL ROUT, R1, 20",NOP,NOP,NOP,"SMUL ROUT, R1, -5"
40,,,,
"SADD ROUT, ZERO, RCL","SADD R2, R2, RCL","SADD R2, R2, RCL",NOP,NOP
"SADD R1, ZERO, ZERO","SADD ROUT, ZERO, RCL","SADD R2, R2, RCL","SADD R2, R2, RCL",NOP
NOP,NOP,"SADD ROUT, ZERO, RCB","SADD R2, R2, RCL","SADD R2, R2, RCL"
"SADD R2, R2, RCL",NOP,NOP,"SADD ROUT, ZERO, RCL","SADD R2, R2, RCL"
"SADD R2, R2, RCL","SADD R2, R2, RCL",NOP,NOP,"SADD ROUT, ZERO, RCB"
41,,,,
"SADD R2, R2, ROUT","SADD R2, R2, RCL",NOP,"BNE R1, R2, 24",NOP
NOP,"SADD R2, R2, ROUT","SADD R2, R2, RCL",NOP,NOP
NOP,NOP,"SADD R2, R2, ROUT","SADD R2, R2, RCL",NOP
NOP,NOP,NOP,"SADD R2, R2, ROUT","SADD R2, R2, RCL"
"SADD R2, R2, RCL",NOP,NOP,NOP,"SADD R2, R2, ROUT"
42,,,,
NOP,NOP,NOP,NOP,NOP
NOP,NOP,NOP,NOP,NOP
NOP,NOP,NOP,NOP,EXIT
NOP,NOP,NOP,NOP,NOP
NOP,NOP,NOP,NOP,NOP
