0,,,,
NOP,NOP,"LWD ROUT, 4","SADD ROUT, 15 ZERO",NOP
NOP,NOP,NOP,NOP,"LWD ROUT, 4"
"SADD ROUT, ZERO 25",NOP,NOP,NOP,"SADD ROUT, ZERO 25"
"SADD ROUT, ZERO 25",NOP,"SADD ROUT, 15 ZERO","SADD ROUT, 15 ZERO",NOP
"LWD ROUT, 4","SADD ROUT, 15 ZERO","SADD ROUT, 15 ZERO",NOP,"SADD ROUT, 15 ZERO"
1,,,,
NOP,NOP,NOP,NOP,"SLT ROUT, RCL 12"
NOP,NOP,NOP,NOP,NOP
NOP,NOP,"SLT R0, RCB 12","SLT R0, RCB 12",NOP
NOP,NOP,NOP,NOP,NOP
NOP,"SLT ROUT, RCR 12","SLT R0, RCL 12","SLT R0, RCR 12",NOP
2,,,,
NOP,"SADD ROUT, 3588,RCT",NOP,"SADD ROUT, 3600,RCR",NOP
NOP,NOP,NOP,NOP,NOP
NOP,NOP,"SADD ROUT, 3592,R0","SADD R0, 3604,R0",NOP
NOP,NOP,NOP,NOP,NOP
NOP,NOP,"SADD ROUT, 3596,R0","SADD ROUT, 3584,R0",NOP
3,,,,
"SWI RCT,RCR",NOP,"SADD ROUT, RCT ZERO",NOP,NOP
"SADD ROUT, RCB ZERO",NOP,NOP,NOP,NOP
NOP,NOP,NOP,"SWI RCR,R0",NOP
NOP,NOP,NOP,NOP,NOP
NOP,NOP,"SADD R0, RCB ZERO",NOP,NOP
4,,,,
NOP,"SADD ROUT, RCR ZERO",NOP,NOP,NOP
NOP,NOP,NOP,NOP,NOP
"SADD ROUT, RCT ZERO",NOP,NOP,NOP,"SADD ROUT, RCT ZERO"
NOP,"SADD ROUT, RCL ZERO",NOP,NOP,NOP
NOP,NOP,"SWI R0,RCR","SADD ROUT, RCB ZERO",NOP
5,,,,
NOP,NOP,NOP,NOP,NOP
NOP,"SWI RCL,RCT",NOP,NOP,NOP
NOP,"SADD ROUT, RCB ZERO",NOP,"SADD ROUT, RCR ZERO",NOP
NOP,NOP,"SADD ROUT, RCT ZERO",NOP,NOP
NOP,NOP,NOP,NOP,"SADD ROUT, RCL ZERO"
6,,,,
NOP,NOP,NOP,NOP,NOP
NOP,"SADD ROUT, RCB ZERO",NOP,NOP,NOP
NOP,NOP,NOP,NOP,NOP
NOP,NOP,NOP,"SWI RCT,RCL",NOP
NOP,NOP,NOP,"SADD ROUT, RCR ZERO",NOP
7,,,,
NOP,NOP,NOP,"SADD ROUT, RCT ZERO",NOP
NOP,NOP,"SADD ROUT, RCL ZERO",NOP,NOP
NOP,NOP,NOP,NOP,NOP
NOP,NOP,NOP,NOP,NOP
NOP,NOP,NOP,NOP,NOP
8,,,,
NOP,NOP,NOP,"NOP",NOP
NOP,NOP,NOP,"SWI RCL,RCT",NOP
NOP,NOP,NOP,NOP,NOP
NOP,NOP,NOP,NOP,NOP
NOP,NOP,NOP,NOP,NOP
9,,,,
"SADD R3, ZERO, 63","SADD R3, ZERO, 63","SADD R3, ZERO, 63","SADD R3, ZERO, 63","SADD R3, ZERO, 63"
"SADD R3, ZERO, 63","SADD R3, ZERO, 63","SADD R3, ZERO, 63","SADD R3, ZERO, 63",NOP
NOP,"SADD R3, ZERO, 63","SADD R3, ZERO, 63","SADD R3, ZERO, 63","SADD R3, ZERO, 63"
"SADD R3, ZERO, 63",NOP,"SADD R3, ZERO, 63","SADD R3, ZERO, 63","SADD R3, ZERO, 63"
"SADD R3, ZERO, 63","SADD R3, ZERO, 63",NOP,NOP,"SADD R3, ZERO, 63"
10,,,,
"SMUL R3, R3, 1024","SMUL R3, R3, 1024","SMUL R3, R3, 1024","SMUL R3, R3, 1024","SMUL R3, R3, 1024"
"SMUL R3, R3, 1024","SMUL R3, R3, 1024","SMUL R3, R3, 1024","SMUL R3, R3, 1024",NOP
NOP,"SMUL R3, R3, 1024","SMUL R3, R3, 1024","SMUL R3, R3, 1024","SMUL R3, R3, 1024"
"SMUL R3, R3, 1024",NOP,"SMUL R3, R3, 1024","SMUL R3, R3, 1024","SMUL R3, R3, 1024"
"SMUL R3, R3, 1024","SMUL R3, R3, 1024",NOP,NOP,"SMUL R3, R3, 1024"
11,,,,
"SADD R3, R3, 516","SADD R3, R3, 520","SADD R3, R3, 512","SADD R3, R3, 524","SADD R3, R3, 532"
"SADD R3, R3, 532","SADD R3, R3, 516","SADD R3, R3, 520","SADD R3, R3, 512",NOP
NOP,"SADD R3, R3, 528","SADD R3, R3, 516","SADD R3, R3, 520","SADD R3, R3, 512"
"SADD R3, R3, 512",NOP,"SADD R3, R3, 532","SADD R3, R3, 516","SADD R3, R3, 520"
"SADD R3, R3, 520","SADD R3, R3, 512",NOP,NOP,"SADD R3, R3, 516"
12,,,,
"LWI R1, R3","LWI R1, R3","LWI R1, R3","LWI R3, R3","LWI R3, R3"
"LWI R3, R3","LWI R1, R3","LWI R1, R3","LWI R1, R3",NOP
NOP,"LWI R2, R3","LWI R1, R3","LWI R1, R3","LWI R1, R3"
"LWI R1, R3",NOP,"LWI R3, R3","LWI R1, R3","LWI R1, R3"
"LWI R1, R3","LWI R1, R3",NOP,NOP,"LWI R1, R3"
13,,,,
"SMUL R2, R1, 1","SADD R3, ZERO, 63","SMUL R2, R1, 1","SMUL R1, R3, 205","SMUL R1, R3, 205"
"SMUL R1, R3, 205","SADD R3, ZERO, 63","SADD R3, ZERO, 63","SADD R3, ZERO, 63",NOP
NOP,NOP,"SADD R3, ZERO, 63","SADD R3, ZERO, 63","SADD R3, ZERO, 63"
"SADD R3, ZERO, 63",NOP,"SMUL R1, R3, 205","SADD R3, ZERO, 63","SADD R3, ZERO, 63"
"SADD R3, ZERO, 63","SADD R3, ZERO, 63",NOP,NOP,"SADD R3, ZERO, 63"
14,,,,
"SADD R3, ZERO, 63","SMUL R3, R3, 1024",NOP,"SRT R2, R1, 10","SRT R2, R1, 10"
"SRT R2, R1, 10","SMUL R3, R3, 1024","SMUL R3, R3, 1024","SMUL R3, R3, 1024",NOP
NOP,NOP,"SMUL R3, R3, 1024","SMUL R3, R3, 1024","SMUL R3, R3, 1024"
"SMUL R3, R3, 1024",NOP,"SRT R2, R1, 10","SMUL R3, R3, 1024","SMUL R3, R3, 1024"
"SMUL R3, R3, 1024","SMUL R3, R3, 1024",NOP,NOP,"SMUL R3, R3, 1024"
15,,,,
"SMUL R3, R3, 1024","SADD R3, R3, 532",NOP,NOP,NOP
NOP,"SADD R3, R3, 532","SADD R3, R3, 532","SADD R3, R3, 528",NOP
NOP,NOP,"SADD R3, R3, 532","SADD R3, R3, 532","SADD R3, R3, 528"
"SADD R3, R3, 528",NOP,NOP,"SADD R3, R3, 532","SADD R3, R3, 532"
"SADD R3, R3, 532","SADD R3, R3, 528",NOP,NOP,"SADD R3, R3, 532"
16,,,,
"SADD R3, R3, 532","LWI R3, R3",NOP,NOP,NOP
NOP,"LWI R3, R3","LWI R3, R3","LWI R3, R3",NOP
NOP,NOP,"LWI R3, R3","LWI R3, R3","LWI R3, R3"
"LWI R3, R3",NOP,NOP,"LWI R3, R3","LWI R3, R3"
"LWI R3, R3","LWI R3, R3",NOP,NOP,"LWI R3, R3"
17,,,,
"LWI R3, R3","SADD R0, ZERO, 1",NOP,NOP,NOP
NOP,"SADD R0, ZERO, 1","SMUL R0, R3, 1","SMUL R0, R3, 1",NOP
NOP,NOP,"SADD R0, ZERO, 2","SMUL R0, R3, 2","SMUL R0, R3, 2"
"SMUL R0, R3, 3",NOP,NOP,"SADD R0, ZERO, 3","SMUL R0, R3, 3"
"SMUL R0, R3, 4","SMUL R0, R3, 4",NOP,NOP,"SADD R0, ZERO, 4"
18,,,,
"SMUL R0, R3, 4","SMUL R0, R0, 4",NOP,NOP,NOP
NOP,"SMUL R0, R0, 4","SADD R0, R0, 2","SMUL R0, R0, 4",NOP
NOP,NOP,"SMUL R0, R0, 4","SADD R0, R0, 3","SMUL R0, R0, 4"
"SMUL R0, R0, 4",NOP,NOP,"SMUL R0, R0, 4","SADD R0, R0, 4"
"SMUL R0, R0, 4","SMUL R0, R0, 4",NOP,NOP,"SMUL R0, R0, 4"
19,,,,
"SMUL R1, R0, -1","SADD R2, R1, R0",NOP,NOP,NOP
NOP,"SADD R2, R1, R0","SMUL R0, R0, 4","SADD R2, R1, R0",NOP
NOP,NOP,"SADD R2, R1, R0","SMUL R0, R0, 4","SADD R2, R1, R0"
"SADD R2, R1, R0",NOP,NOP,"SADD R2, R1, R0","SMUL R0, R0, 4"
"SADD R2, R1, R0","SADD R2, R1, R0",NOP,NOP,"SADD R2, R1, R0"
20,,,,
NOP,"SADD R3, ZERO, 63",NOP,NOP,NOP
NOP,"SADD R3, ZERO, 63","SADD R2, R1, R0",NOP,NOP
NOP,NOP,"SADD R3, ZERO, 63","SADD R2, R1, R0",NOP
NOP,NOP,NOP,"SADD R3, ZERO, 63","SADD R2, R1, R0"
"SADD R3, ZERO, 63",NOP,NOP,NOP,"SADD R3, ZERO, 63"
21,,,,
NOP,"SMUL R3, R3, 1024",NOP,NOP,NOP
NOP,"SMUL R3, R3, 1024","SADD R3, ZERO, 63",NOP,NOP
NOP,NOP,"SMUL R3, R3, 1024","SADD R3, ZERO, 63",NOP
NOP,NOP,NOP,"SMUL R3, R3, 1024","SADD R3, ZERO, 63"
"SMUL R3, R3, 1024",NOP,NOP,NOP,"SMUL R3, R3, 1024"
22,,,,
NOP,"SADD R3, R3, 528",NOP,NOP,NOP
NOP,"SADD R3, R3, 532","SMUL R3, R3, 1024",NOP,NOP
NOP,NOP,"SADD R3, R3, 532","SMUL R3, R3, 1024",NOP
NOP,NOP,NOP,"SADD R3, R3, 532","SMUL R3, R3, 1024"
"SADD R3, R3, 528",NOP,NOP,NOP,"SADD R3, R3, 532"
23,,,,
NOP,"LWI R1, R3",NOP,NOP,NOP
NOP,"LWI R3, R3","SADD R3, R3, 528",NOP,NOP
NOP,NOP,"LWI R3, R3","SADD R3, R3, 528",NOP
NOP,NOP,NOP,"LWI R3, R3","SADD R3, R3, 528"
"LWI R1, R3",NOP,NOP,NOP,"LWI R3, R3"
24,,,,
NOP,NOP,NOP,NOP,NOP
NOP,"SMUL R0, R3, 4","LWI R1, R3",NOP,NOP
NOP,NOP,"SMUL R0, R3, 4","LWI R1, R3",NOP
NOP,NOP,NOP,"SMUL R0, R3, 4","LWI R1, R3"
NOP,NOP,NOP,NOP,"SMUL R0, R3, 4"
25,,,,
NOP,NOP,"SADD R1, ZERO, ZERO","SADD R1, ZERO, ZERO","SADD R1, ZERO, ZERO"
"SADD R1, ZERO, ZERO","SMUL R1, R0, -1",NOP,"SADD R1, ZERO, ZERO","SADD R1, ZERO, ZERO"
"SADD R1, ZERO, ZERO","SADD R1, ZERO, ZERO","SMUL R1, R0, -1",NOP,"SADD R1, ZERO, ZERO"
"SADD R1, ZERO, ZERO","SADD R1, ZERO, ZERO","SADD R1, ZERO, ZERO","SMUL R1, R0, -1",NOP
NOP,"SADD R1, ZERO, ZERO","SADD R1, ZERO, ZERO","SADD R1, ZERO, ZERO","SMUL R1, R0, -1"
26,,,,
"SADD R3, ZERO, ZERO","SADD R3, ZERO, ZERO","SADD R3, ZERO, ZERO","SADD R3, ZERO, ZERO","SADD R3, ZERO, ZERO"
"SADD R3, ZERO, ZERO","SADD R3, ZERO, ZERO","SADD R3, ZERO, ZERO","SADD R3, ZERO, ZERO","SADD R3, ZERO, ZERO"
"SADD R3, ZERO, ZERO","SADD R3, ZERO, ZERO","SADD R3, ZERO, ZERO","SADD R3, ZERO, ZERO","SADD R3, ZERO, ZERO"
"SADD R3, ZERO, ZERO","SADD R3, ZERO, ZERO","SADD R3, ZERO, ZERO","SADD R3, ZERO, ZERO","SADD R3, ZERO, ZERO"
"SADD R3, ZERO, ZERO","SADD R3, ZERO, ZERO","SADD R3, ZERO, ZERO","SADD R3, ZERO, ZERO","SADD R3, ZERO, ZERO"
27,,,,
"LWI R0, R2",NOP,"LWI R0, R2",NOP,NOP
NOP,"LWI R0, R2",NOP,"LWI R0, R2",NOP
NOP,"SADD R1, R1, 1","LWI R0, R2",NOP,"LWI R0, R2"
"LWI R0, R2",NOP,NOP,"LWI R0, R2",NOP
NOP,"LWI R0, R2",NOP,NOP,"LWI R0, R2"
28,,,,
NOP,"SADD R0, ZERO, RCB",NOP,"SADD R0, ZERO, RCL","SADD R0, ZERO, RCT"
"SADD R0, ZERO, RCT",NOP,"SADD R0, ZERO, RCB",NOP,"SADD R0, ZERO, RCL"
"SADD R0, ZERO, RCL","SADD R0, ZERO, RCT",NOP,"SADD R0, ZERO, RCB",NOP
NOP,"SADD R0, ZERO, RCL","SADD R0, ZERO, RCT",NOP,"SADD R0, ZERO, RCB"
"SADD R0, ZERO, RCB",NOP,"SADD R0, ZERO, RCL","SADD R0, ZERO, RCT",NOP
29,,,,
NOP,"SADD ROUT, ZERO, RCR","SADD ROUT, ZERO, RCB","SADD ROUT, ZERO, RCT","SADD ROUT, ZERO, RCL"
"SADD ROUT, ZERO, RCL",NOP,"SADD ROUT, ZERO, RCR","SADD ROUT, ZERO, RCB","SADD ROUT, ZERO, RCT"
"SADD ROUT, ZERO, RCT","SADD ROUT, ZERO, RCL",NOP,"SADD ROUT, ZERO, RCR","SADD ROUT, ZERO, RCB"
"SADD ROUT, ZERO, RCB","SADD ROUT, ZERO, RCT","SADD ROUT, ZERO, RCL",NOP,"SADD ROUT, ZERO, RCR"
"SADD ROUT, ZERO, RCR","SADD ROUT, ZERO, RCB","SADD ROUT, ZERO, RCT","SADD ROUT, ZERO, RCL",NOP
30,,,,
"SADD ROUT, ZERO, RCR",NOP,NOP,NOP,NOP
NOP,"SADD ROUT, ZERO, RCR",NOP,NOP,NOP
NOP,NOP,"SADD ROUT, ZERO, RCR",NOP,NOP
NOP,NOP,NOP,"SADD ROUT, ZERO, RCR",NOP
NOP,NOP,NOP,NOP,"SADD ROUT, ZERO, RCR"
31,,,,
"SMUL ROUT, R0, ROUT","SMUL ROUT, R0, ROUT","SMUL ROUT, R0, ROUT","SMUL ROUT, R0, ROUT","SMUL ROUT, R0, ROUT"
"SMUL ROUT, R0, ROUT","SMUL ROUT, R0, ROUT","SMUL ROUT, R0, ROUT","SMUL ROUT, R0, ROUT","SMUL ROUT, R0, ROUT"
"SMUL ROUT, R0, ROUT","SMUL ROUT, R0, ROUT","SMUL ROUT, R0, ROUT","SMUL ROUT, R0, ROUT","SMUL ROUT, R0, ROUT"
"SMUL ROUT, R0, ROUT","SMUL ROUT, R0, ROUT","SMUL ROUT, R0, ROUT","SMUL ROUT, R0, ROUT","SMUL ROUT, R0, ROUT"
"SMUL ROUT, R0, ROUT","SMUL ROUT, R0, ROUT","SMUL ROUT, R0, ROUT","SMUL ROUT, R0, ROUT","SMUL ROUT, R0, ROUT"
32,,,,
"SADD R3, R3, ROUT","SADD R3, R3, ROUT","SADD R3, R3, ROUT","SADD R3, R3, ROUT","SADD R3, R3, ROUT"
"SADD R3, R3, ROUT","SADD R3, R3, ROUT","SADD R3, R3, ROUT","SADD R3, R3, ROUT","SADD R3, R3, ROUT"
"SADD R3, R3, ROUT","SADD R3, R3, ROUT","SADD R3, R3, ROUT","SADD R3, R3, ROUT","SADD R3, R3, ROUT"
"SADD R3, R3, ROUT","SADD R3, R3, ROUT","SADD R3, R3, ROUT","SADD R3, R3, ROUT","SADD R3, R3, ROUT"
"SADD R3, R3, ROUT","SADD R3, R3, ROUT","SADD R3, R3, ROUT","SADD R3, R3, ROUT","SADD R3, R3, ROUT"
33,,,,
"SSUB R2, R2, R1",NOP,"SADD R2, R2, 4",NOP,NOP
NOP,"SSUB R2, R2, R1",NOP,"SADD R2, R2, 4",NOP
NOP,"BNE R1, R2, 27","SSUB R2, R2, R1",NOP,"SADD R2, R2, 4"
"SADD R2, R2, 4",NOP,NOP,"SSUB R2, R2, R1",NOP
NOP,"SADD R2, R2, 4",NOP,NOP,"SSUB R2, R2, R1"
34,,,,
NOP,"SADD ROUT, ZERO, R2",NOP,NOP,NOP
"SADD R1, R1, 1",NOP,"SADD ROUT, ZERO, R2",NOP,NOP
NOP,NOP,NOP,"SADD ROUT, ZERO, R2",NOP
NOP,NOP,NOP,NOP,"SADD ROUT, ZERO, R2"
"SADD ROUT, ZERO, R2",NOP,NOP,NOP,NOP
35,,,,
"SADD ROUT, RCR, -4","SADD R2, R2, 20","SADD ROUT, RCL, 4",NOP,NOP
NOP,"SADD ROUT, RCR, -4","SADD R2, R2, 20","SADD ROUT, RCL, 4",NOP
NOP,NOP,"SADD ROUT, RCR, -4","SADD R2, R2, 20","SADD ROUT, RCL, 4"
"SADD ROUT, RCL, -16",NOP,NOP,"SADD ROUT, RCR, -4","SADD R2, R2, 20"
"SADD R2, R2, 20","SADD ROUT, RCL, 4",NOP,NOP,"SADD ROUT, RCR, 16"
36,,,,
NOP,"SADD ROUT, R2, -20",NOP,"SADD ROUT, RCL, 4","SADD ROUT, RCR, 16"
"SADD ROUT, RCR, -4",NOP,"SADD ROUT, R2, -20",NOP,"SADD ROUT, RCL, 4"
"SADD ROUT, RCL, -16","SADD ROUT, RCR, -4",NOP,"SADD ROUT, R2, -20",NOP
NOP,"SADD ROUT, RCL, 4","SADD ROUT, RCR, -4",NOP,"SADD ROUT, R2, -20"
"SADD ROUT, R2, -20",NOP,"SADD ROUT, RCL, 4","SADD ROUT, RCR, -4",NOP
37,,,,
"SWI R3, ROUT","SWI R3, ROUT","SWI R3, ROUT","SWI R3, ROUT","SWI R3, ROUT"
"SWI R3, ROUT","SWI R3, ROUT","SWI R3, ROUT","SWI R3, ROUT","SWI R3, ROUT"
"SWI R3, ROUT","SWI R3, ROUT","SWI R3, ROUT","SWI R3, ROUT","SWI R3, ROUT"
"SWI R3, ROUT","SWI R3, ROUT","SWI R3, ROUT","SWI R3, ROUT","SWI R3, ROUT"
"SWI R3, ROUT","SWI R3, ROUT","SWI R3, ROUT","SWI R3, ROUT","SWI R3, ROUT"
38,,,,
"SADD R2, R2, 20","SADD ROUT, ZERO, R1",NOP,NOP,NOP
NOP,"SADD R2, R2, 20","SADD ROUT, ZERO, R1",NOP,NOP
NOP,NOP,"SADD R2, R2, 20","SADD ROUT, ZERO, R1",NOP
NOP,NOP,NOP,"SADD R2, R2, 20","SADD ROUT, ZERO, R1"
"SADD ROUT, ZERO, R1",NOP,NOP,NOP,"SADD R2, R2, 20"
39,,,,
"SMUL ROUT, RCR, R1",NOP,"SMUL ROUT, RCL, -4",NOP,NOP
NOP,"SMUL ROUT, RCR, R1",NOP,"SMUL ROUT, RCL, -4",NOP
NOP,"SADD R1, ZERO, ZERO","SMUL ROUT, RCR, R1",NOP,"SMUL ROUT, RCL, -4"
"SMUL ROUT, RCL, -4",NOP,NOP,"SMUL ROUT, RCR, R1",NOP
NOP,"SMUL ROUT, RCL, -4",NOP,NOP,"SMUL ROUT, RCR, R1"
40,,,,
"SADD R2, R2, ROUT",NOP,"SADD R2, R2, ROUT",NOP,NOP
"SADD R3, ZERO, ZERO","SADD R2, R2, ROUT",NOP,"SADD R2, R2, ROUT",NOP
NOP,NOP,"SADD R2, R2, ROUT",NOP,"SADD R2, R2, ROUT"
"SADD R2, R2, ROUT",NOP,NOP,"SADD R2, R2, ROUT",NOP
NOP,"SADD R2, R2, ROUT",NOP,NOP,"SADD R2, R2, ROUT"
41,,,,
"SADD R3, ZERO, ZERO","SADD R3, ZERO, ZERO","SADD R3, ZERO, ZERO","SADD R3, ZERO, ZERO","SADD R3, ZERO, ZERO"
"BNE R1, R2, 27","SADD R3, ZERO, ZERO","SADD R3, ZERO, ZERO","SADD R3, ZERO, ZERO","SADD R3, ZERO, ZERO"
"SADD R3, ZERO, ZERO","SADD R3, ZERO, ZERO","SADD R3, ZERO, ZERO","SADD R3, ZERO, ZERO","SADD R3, ZERO, ZERO"
"SADD R3, ZERO, ZERO","SADD R3, ZERO, ZERO","SADD R3, ZERO, ZERO","SADD R3, ZERO, ZERO","SADD R3, ZERO, ZERO"
"SADD R3, ZERO, ZERO","SADD R3, ZERO, ZERO","SADD R3, ZERO, ZERO","SADD R3, ZERO, ZERO","SADD R3, ZERO, ZERO"
42,,,,
"SMUL ROUT, R1, -5","SMUL ROUT, R1, 20",NOP,"SADD R1, R1, 1","SMUL ROUT, R2, -20"
"SMUL ROUT, R2, -20","SMUL ROUT, R1, -5","SMUL ROUT, R1, 20",NOP,NOP
NOP,NOP,"SMUL ROUT, R1, -5","SMUL ROUT, R1, 20",NOP
NOP,NOP,"SMUL ROUT, R2, -20","SMUL ROUT, R1, -5","SMUL ROUT, R1, 20"
"SMUL ROUT, R1, 20",NOP,NOP,NOP,"SMUL ROUT, R1, -5"
43,,,,
"SADD ROUT, ZERO, RCL","SADD R2, R2, RCL","SADD R2, R2, RCL",NOP,NOP
"SADD R1, ZERO, ZERO","SADD ROUT, ZERO, RCL","SADD R2, R2, RCL","SADD R2, R2, RCL",NOP
NOP,NOP,"SADD ROUT, ZERO, RCB","SADD R2, R2, RCL","SADD R2, R2, RCL"
"SADD R2, R2, RCL",NOP,NOP,"SADD ROUT, ZERO, RCL","SADD R2, R2, RCL"
"SADD R2, R2, RCL","SADD R2, R2, RCL",NOP,NOP,"SADD ROUT, ZERO, RCB"
44,,,,
"SADD R2, R2, ROUT","SADD R2, R2, RCL",NOP,"BNE R1, R2, 27",NOP
NOP,"SADD R2, R2, ROUT","SADD R2, R2, RCL",NOP,NOP
NOP,NOP,"SADD R2, R2, ROUT","SADD R2, R2, RCL",NOP
NOP,NOP,NOP,"SADD R2, R2, ROUT","SADD R2, R2, RCL"
"SADD R2, R2, RCL",NOP,NOP,NOP,"SADD R2, R2, ROUT"
45,,,,
NOP,"LWD ROUT, 4",NOP,NOP,NOP
NOP,"SADD ROUT, ZERO 25","SADD ROUT, 15 ZERO","LWD ROUT, 4",NOP
"LWD R0, 4","SADD R0, 15 ZERO",NOP,NOP,NOP
"SADD ROUT, 15 ZERO",NOP,"SADD R0, 15 ZERO","SADD ROUT, ZERO 25",NOP
NOP,NOP,"SADD ROUT, ZERO 25","SADD R0, 15 ZERO","SADD ROUT, 15 ZERO"
46,,,,
NOP,NOP,NOP,NOP,NOP
NOP,NOP,NOP,NOP,NOP
NOP,"SLT R0, R0 12","SLT ROUT, RCT 12",NOP,NOP
NOP,NOP,"SLT ROUT, R0 12",NOP,"SLT ROUT, RCR 12"
"SLT ROUT, RCL 12",NOP,NOP,NOP,NOP
47,,,,
NOP,NOP,NOP,NOP,NOP
NOP,NOP,NOP,NOP,NOP
NOP,"SADD ROUT, 3592,R0","SADD ROUT, 3596,RCB",NOP,NOP
"SADD ROUT, 3600,RCL",NOP,"SADD ROUT, 3588,RCT",NOP,NOP
NOP,NOP,NOP,"SLT ROUT, R0 12","SADD ROUT, 3584,RCR"
48,,,,
NOP,NOP,NOP,NOP,NOP
NOP,NOP,NOP,NOP,NOP
"SWI R0,RCR",NOP,NOP,NOP,NOP
NOP,NOP,"SWI RCB,RCT",NOP,"SWI RCL,RCR"
NOP,NOP,"SADD ROUT, 3604,RCR",NOP,NOP
49,,,,
NOP,"SADD ROUT, RCB ZERO",NOP,NOP,NOP
NOP,NOP,NOP,NOP,NOP
NOP,NOP,NOP,"SADD ROUT, RCT ZERO",NOP
NOP,NOP,NOP,NOP,NOP
NOP,"SADD ROUT, RCB ZERO",NOP,NOP,NOP
50,,,,
NOP,NOP,NOP,NOP,NOP
NOP,NOP,NOP,NOP,NOP
NOP,NOP,"SWI RCR,RCB",NOP,NOP
NOP,NOP,NOP,"NOP",NOP
"SWI RCR,RCL","SWI RCB,RCR",NOP,NOP,NOP
51,,,,
"SADD R3, ZERO, 63","SADD R3, ZERO, 63","SADD R3, ZERO, 63","SADD R3, ZERO, 63","SADD R3, ZERO, 63"
"SADD R3, ZERO, 63","SADD R3, ZERO, 63","SADD R3, ZERO, 63","SADD R3, ZERO, 63",NOP
NOP,"SADD R3, ZERO, 63","SADD R3, ZERO, 63","SADD R3, ZERO, 63","SADD R3, ZERO, 63"
"SADD R3, ZERO, 63",NOP,"SADD R3, ZERO, 63","SADD R3, ZERO, 63","SADD R3, ZERO, 63"
"SADD R3, ZERO, 63","SADD R3, ZERO, 63",NOP,NOP,"SADD R3, ZERO, 63"
52,,,,
"SMUL R3, R3, 1024","SMUL R3, R3, 1024","SMUL R3, R3, 1024","SMUL R3, R3, 1024","SMUL R3, R3, 1024"
"SMUL R3, R3, 1024","SMUL R3, R3, 1024","SMUL R3, R3, 1024","SMUL R3, R3, 1024",NOP
NOP,"SMUL R3, R3, 1024","SMUL R3, R3, 1024","SMUL R3, R3, 1024","SMUL R3, R3, 1024"
"SMUL R3, R3, 1024",NOP,"SMUL R3, R3, 1024","SMUL R3, R3, 1024","SMUL R3, R3, 1024"
"SMUL R3, R3, 1024","SMUL R3, R3, 1024",NOP,NOP,"SMUL R3, R3, 1024"
53,,,,
"SADD R3, R3, 516","SADD R3, R3, 520","SADD R3, R3, 512","SADD R3, R3, 524","SADD R3, R3, 532"
"SADD R3, R3, 532","SADD R3, R3, 516","SADD R3, R3, 520","SADD R3, R3, 512",NOP
NOP,"SADD R3, R3, 528","SADD R3, R3, 516","SADD R3, R3, 520","SADD R3, R3, 512"
"SADD R3, R3, 512",NOP,"SADD R3, R3, 532","SADD R3, R3, 516","SADD R3, R3, 520"
"SADD R3, R3, 520","SADD R3, R3, 512",NOP,NOP,"SADD R3, R3, 516"
54,,,,
"LWI R1, R3","LWI R1, R3","LWI R1, R3","LWI R3, R3","LWI R3, R3"
"LWI R3, R3","LWI R1, R3","LWI R1, R3","LWI R1, R3",NOP
NOP,"LWI R2, R3","LWI R1, R3","LWI R1, R3","LWI R1, R3"
"LWI R1, R3",NOP,"LWI R3, R3","LWI R1, R3","LWI R1, R3"
"LWI R1, R3","LWI R1, R3",NOP,NOP,"LWI R1, R3"
55,,,,
"SMUL R2, R1, 1","SADD R3, ZERO, 63","SMUL R2, R1, 1","SMUL R1, R3, 205","SMUL R1, R3, 205"
"SMUL R1, R3, 205","SADD R3, ZERO, 63","SADD R3, ZERO, 63","SADD R3, ZERO, 63",NOP
NOP,NOP,"SADD R3, ZERO, 63","SADD R3, ZERO, 63","SADD R3, ZERO, 63"
"SADD R3, ZERO, 63",NOP,"SMUL R1, R3, 205","SADD R3, ZERO, 63","SADD R3, ZERO, 63"
"SADD R3, ZERO, 63","SADD R3, ZERO, 63",NOP,NOP,"SADD R3, ZERO, 63"
56,,,,
"SADD R3, ZERO, 63","SMUL R3, R3, 1024",NOP,"SRT R2, R1, 10","SRT R2, R1, 10"
"SRT R2, R1, 10","SMUL R3, R3, 1024","SMUL R3, R3, 1024","SMUL R3, R3, 1024",NOP
NOP,NOP,"SMUL R3, R3, 1024","SMUL R3, R3, 1024","SMUL R3, R3, 1024"
"SMUL R3, R3, 1024",NOP,"SRT R2, R1, 10","SMUL R3, R3, 1024","SMUL R3, R3, 1024"
"SMUL R3, R3, 1024","SMUL R3, R3, 1024",NOP,NOP,"SMUL R3, R3, 1024"
57,,,,
"SMUL R3, R3, 1024","SADD R3, R3, 532",NOP,NOP,NOP
NOP,"SADD R3, R3, 532","SADD R3, R3, 532","SADD R3, R3, 528",NOP
NOP,NOP,"SADD R3, R3, 532","SADD R3, R3, 532","SADD R3, R3, 528"
"SADD R3, R3, 528",NOP,NOP,"SADD R3, R3, 532","SADD R3, R3, 532"
"SADD R3, R3, 532","SADD R3, R3, 528",NOP,NOP,"SADD R3, R3, 532"
58,,,,
"SADD R3, R3, 532","LWI R3, R3",NOP,NOP,NOP
NOP,"LWI R3, R3","LWI R3, R3","LWI R3, R3",NOP
NOP,NOP,"LWI R3, R3","LWI R3, R3","LWI R3, R3"
"LWI R3, R3",NOP,NOP,"LWI R3, R3","LWI R3, R3"
"LWI R3, R3","LWI R3, R3",NOP,NOP,"LWI R3, R3"
59,,,,
"LWI R3, R3","SADD R0, ZERO, 1",NOP,NOP,NOP
NOP,"SADD R0, ZERO, 1","SMUL R0, R3, 1","SMUL R0, R3, 1",NOP
NOP,NOP,"SADD R0, ZERO, 2","SMUL R0, R3, 2","SMUL R0, R3, 2"
"SMUL R0, R3, 3",NOP,NOP,"SADD R0, ZERO, 3","SMUL R0, R3, 3"
"SMUL R0, R3, 4","SMUL R0, R3, 4",NOP,NOP,"SADD R0, ZERO, 4"
60,,,,
"SMUL R0, R3, 4","SMUL R0, R0, 4",NOP,NOP,NOP
NOP,"SMUL R0, R0, 4","SADD R0, R0, 2","SMUL R0, R0, 4",NOP
NOP,NOP,"SMUL R0, R0, 4","SADD R0, R0, 3","SMUL R0, R0, 4"
"SMUL R0, R0, 4",NOP,NOP,"SMUL R0, R0, 4","SADD R0, R0, 4"
"SMUL R0, R0, 4","SMUL R0, R0, 4",NOP,NOP,"SMUL R0, R0, 4"
61,,,,
"SMUL R1, R0, -1","SADD R2, R1, R0",NOP,NOP,NOP
NOP,"SADD R2, R1, R0","SMUL R0, R0, 4","SADD R2, R1, R0",NOP
NOP,NOP,"SADD R2, R1, R0","SMUL R0, R0, 4","SADD R2, R1, R0"
"SADD R2, R1, R0",NOP,NOP,"SADD R2, R1, R0","SMUL R0, R0, 4"
"SADD R2, R1, R0","SADD R2, R1, R0",NOP,NOP,"SADD R2, R1, R0"
62,,,,
NOP,"SADD R3, ZERO, 63",NOP,NOP,NOP
NOP,"SADD R3, ZERO, 63","SADD R2, R1, R0",NOP,NOP
NOP,NOP,"SADD R3, ZERO, 63","SADD R2, R1, R0",NOP
NOP,NOP,NOP,"SADD R3, ZERO, 63","SADD R2, R1, R0"
"SADD R3, ZERO, 63",NOP,NOP,NOP,"SADD R3, ZERO, 63"
63,,,,
NOP,"SMUL R3, R3, 1024",NOP,NOP,NOP
NOP,"SMUL R3, R3, 1024","SADD R3, ZERO, 63",NOP,NOP
NOP,NOP,"SMUL R3, R3, 1024","SADD R3, ZERO, 63",NOP
NOP,NOP,NOP,"SMUL R3, R3, 1024","SADD R3, ZERO, 63"
"SMUL R3, R3, 1024",NOP,NOP,NOP,"SMUL R3, R3, 1024"
64,,,,
NOP,"SADD R3, R3, 528",NOP,NOP,NOP
NOP,"SADD R3, R3, 532","SMUL R3, R3, 1024",NOP,NOP
NOP,NOP,"SADD R3, R3, 532","SMUL R3, R3, 1024",NOP
NOP,NOP,NOP,"SADD R3, R3, 532","SMUL R3, R3, 1024"
"SADD R3, R3, 528",NOP,NOP,NOP,"SADD R3, R3, 532"
65,,,,
NOP,"LWI R1, R3",NOP,NOP,NOP
NOP,"LWI R3, R3","SADD R3, R3, 528",NOP,NOP
NOP,NOP,"LWI R3, R3","SADD R3, R3, 528",NOP
NOP,NOP,NOP,"LWI R3, R3","SADD R3, R3, 528"
"LWI R1, R3",NOP,NOP,NOP,"LWI R3, R3"
66,,,,
NOP,NOP,NOP,NOP,NOP
NOP,"SMUL R0, R3, 4","LWI R1, R3",NOP,NOP
NOP,NOP,"SMUL R0, R3, 4","LWI R1, R3",NOP
NOP,NOP,NOP,"SMUL R0, R3, 4","LWI R1, R3"
NOP,NOP,NOP,NOP,"SMUL R0, R3, 4"
67,,,,
NOP,NOP,"SADD R1, ZERO, ZERO","SADD R1, ZERO, ZERO","SADD R1, ZERO, ZERO"
"SADD R1, ZERO, ZERO","SMUL R1, R0, -1",NOP,"SADD R1, ZERO, ZERO","SADD R1, ZERO, ZERO"
"SADD R1, ZERO, ZERO","SADD R1, ZERO, ZERO","SMUL R1, R0, -1",NOP,"SADD R1, ZERO, ZERO"
"SADD R1, ZERO, ZERO","SADD R1, ZERO, ZERO","SADD R1, ZERO, ZERO","SMUL R1, R0, -1",NOP
NOP,"SADD R1, ZERO, ZERO","SADD R1, ZERO, ZERO","SADD R1, ZERO, ZERO","SMUL R1, R0, -1"
68,,,,
"SADD R3, ZERO, ZERO","SADD R3, ZERO, ZERO","SADD R3, ZERO, ZERO","SADD R3, ZERO, ZERO","SADD R3, ZERO, ZERO"
"SADD R3, ZERO, ZERO","SADD R3, ZERO, ZERO","SADD R3, ZERO, ZERO","SADD R3, ZERO, ZERO","SADD R3, ZERO, ZERO"
"SADD R3, ZERO, ZERO","SADD R3, ZERO, ZERO","SADD R3, ZERO, ZERO","SADD R3, ZERO, ZERO","SADD R3, ZERO, ZERO"
"SADD R3, ZERO, ZERO","SADD R3, ZERO, ZERO","SADD R3, ZERO, ZERO","SADD R3, ZERO, ZERO","SADD R3, ZERO, ZERO"
"SADD R3, ZERO, ZERO","SADD R3, ZERO, ZERO","SADD R3, ZERO, ZERO","SADD R3, ZERO, ZERO","SADD R3, ZERO, ZERO"
69,,,,
"LWI R0, R2",NOP,"LWI R0, R2",NOP,NOP
NOP,"LWI R0, R2",NOP,"LWI R0, R2",NOP
NOP,"SADD R1, R1, 1","LWI R0, R2",NOP,"LWI R0, R2"
"LWI R0, R2",NOP,NOP,"LWI R0, R2",NOP
NOP,"LWI R0, R2",NOP,NOP,"LWI R0, R2"
70,,,,
NOP,"SADD R0, ZERO, RCB",NOP,"SADD R0, ZERO, RCL","SADD R0, ZERO, RCT"
"SADD R0, ZERO, RCT",NOP,"SADD R0, ZERO, RCB",NOP,"SADD R0, ZERO, RCL"
"SADD R0, ZERO, RCL","SADD R0, ZERO, RCT",NOP,"SADD R0, ZERO, RCB",NOP
NOP,"SADD R0, ZERO, RCL","SADD R0, ZERO, RCT",NOP,"SADD R0, ZERO, RCB"
"SADD R0, ZERO, RCB",NOP,"SADD R0, ZERO, RCL","SADD R0, ZERO, RCT",NOP
71,,,,
NOP,"SADD ROUT, ZERO, RCR","SADD ROUT, ZERO, RCB","SADD ROUT, ZERO, RCT","SADD ROUT, ZERO, RCL"
"SADD ROUT, ZERO, RCL",NOP,"SADD ROUT, ZERO, RCR","SADD ROUT, ZERO, RCB","SADD ROUT, ZERO, RCT"
"SADD ROUT, ZERO, RCT","SADD ROUT, ZERO, RCL",NOP,"SADD ROUT, ZERO, RCR","SADD ROUT, ZERO, RCB"
"SADD ROUT, ZERO, RCB","SADD ROUT, ZERO, RCT","SADD ROUT, ZERO, RCL",NOP,"SADD ROUT, ZERO, RCR"
"SADD ROUT, ZERO, RCR","SADD ROUT, ZERO, RCB","SADD ROUT, ZERO, RCT","SADD ROUT, ZERO, RCL",NOP
72,,,,
"SADD ROUT, ZERO, RCR",NOP,NOP,NOP,NOP
NOP,"SADD ROUT, ZERO, RCR",NOP,NOP,NOP
NOP,NOP,"SADD ROUT, ZERO, RCR",NOP,NOP
NOP,NOP,NOP,"SADD ROUT, ZERO, RCR",NOP
NOP,NOP,NOP,NOP,"SADD ROUT, ZERO, RCR"
73,,,,
"SMUL ROUT, R0, ROUT","SMUL ROUT, R0, ROUT","SMUL ROUT, R0, ROUT","SMUL ROUT, R0, ROUT","SMUL ROUT, R0, ROUT"
"SMUL ROUT, R0, ROUT","SMUL ROUT, R0, ROUT","SMUL ROUT, R0, ROUT","SMUL ROUT, R0, ROUT","SMUL ROUT, R0, ROUT"
"SMUL ROUT, R0, ROUT","SMUL ROUT, R0, ROUT","SMUL ROUT, R0, ROUT","SMUL ROUT, R0, ROUT","SMUL ROUT, R0, ROUT"
"SMUL ROUT, R0, ROUT","SMUL ROUT, R0, ROUT","SMUL ROUT, R0, ROUT","SMUL ROUT, R0, ROUT","SMUL ROUT, R0, ROUT"
"SMUL ROUT, R0, ROUT","SMUL ROUT, R0, ROUT","SMUL ROUT, R0, ROUT","SMUL ROUT, R0, ROUT","SMUL ROUT, R0, ROUT"
74,,,,
"SADD R3, R3, ROUT","SADD R3, R3, ROUT","SADD R3, R3, ROUT","SADD R3, R3, ROUT","SADD R3, R3, ROUT"
"SADD R3, R3, ROUT","SADD R3, R3, ROUT","SADD R3, R3, ROUT","SADD R3, R3, ROUT","SADD R3, R3, ROUT"
"SADD R3, R3, ROUT","SADD R3, R3, ROUT","SADD R3, R3, ROUT","SADD R3, R3, ROUT","SADD R3, R3, ROUT"
"SADD R3, R3, ROUT","SADD R3, R3, ROUT","SADD R3, R3, ROUT","SADD R3, R3, ROUT","SADD R3, R3, ROUT"
"SADD R3, R3, ROUT","SADD R3, R3, ROUT","SADD R3, R3, ROUT","SADD R3, R3, ROUT","SADD R3, R3, ROUT"
75,,,,
"SSUB R2, R2, R1",NOP,"SADD R2, R2, 4",NOP,NOP
NOP,"SSUB R2, R2, R1",NOP,"SADD R2, R2, 4",NOP
NOP,"BNE R1, R2, 69","SSUB R2, R2, R1",NOP,"SADD R2, R2, 4"
"SADD R2, R2, 4",NOP,NOP,"SSUB R2, R2, R1",NOP
NOP,"SADD R2, R2, 4",NOP,NOP,"SSUB R2, R2, R1"
76,,,,
NOP,"SADD ROUT, ZERO, R2",NOP,NOP,NOP
"SADD R1, R1, 1",NOP,"SADD ROUT, ZERO, R2",NOP,NOP
NOP,NOP,NOP,"SADD ROUT, ZERO, R2",NOP
NOP,NOP,NOP,NOP,"SADD ROUT, ZERO, R2"
"SADD ROUT, ZERO, R2",NOP,NOP,NOP,NOP
77,,,,
"SADD ROUT, RCR, -4","SADD R2, R2, 20","SADD ROUT, RCL, 4",NOP,NOP
NOP,"SADD ROUT, RCR, -4","SADD R2, R2, 20","SADD ROUT, RCL, 4",NOP
NOP,NOP,"SADD ROUT, RCR, -4","SADD R2, R2, 20","SADD ROUT, RCL, 4"
"SADD ROUT, RCL, -16",NOP,NOP,"SADD ROUT, RCR, -4","SADD R2, R2, 20"
"SADD R2, R2, 20","SADD ROUT, RCL, 4",NOP,NOP,"SADD ROUT, RCR, 16"
78,,,,
NOP,"SADD ROUT, R2, -20",NOP,"SADD ROUT, RCL, 4","SADD ROUT, RCR, 16"
"SADD ROUT, RCR, -4",NOP,"SADD ROUT, R2, -20",NOP,"SADD ROUT, RCL, 4"
"SADD ROUT, RCL, -16","SADD ROUT, RCR, -4",NOP,"SADD ROUT, R2, -20",NOP
NOP,"SADD ROUT, RCL, 4","SADD ROUT, RCR, -4",NOP,"SADD ROUT, R2, -20"
"SADD ROUT, R2, -20",NOP,"SADD ROUT, RCL, 4","SADD ROUT, RCR, -4",NOP
79,,,,
"SWI R3, ROUT","SWI R3, ROUT","SWI R3, ROUT","SWI R3, ROUT","SWI R3, ROUT"
"SWI R3, ROUT","SWI R3, ROUT","SWI R3, ROUT","SWI R3, ROUT","SWI R3, ROUT"
"SWI R3, ROUT","SWI R3, ROUT","SWI R3, ROUT","SWI R3, ROUT","SWI R3, ROUT"
"SWI R3, ROUT","SWI R3, ROUT","SWI R3, ROUT","SWI R3, ROUT","SWI R3, ROUT"
"SWI R3, ROUT","SWI R3, ROUT","SWI R3, ROUT","SWI R3, ROUT","SWI R3, ROUT"
80,,,,
"SADD R2, R2, 20","SADD ROUT, ZERO, R1",NOP,NOP,NOP
NOP,"SADD R2, R2, 20","SADD ROUT, ZERO, R1",NOP,NOP
NOP,NOP,"SADD R2, R2, 20","SADD ROUT, ZERO, R1",NOP
NOP,NOP,NOP,"SADD R2, R2, 20","SADD ROUT, ZERO, R1"
"SADD ROUT, ZERO, R1",NOP,NOP,NOP,"SADD R2, R2, 20"
81,,,,
"SMUL ROUT, RCR, R1",NOP,"SMUL ROUT, RCL, -4",NOP,NOP
NOP,"SMUL ROUT, RCR, R1",NOP,"SMUL ROUT, RCL, -4",NOP
NOP,"SADD R1, ZERO, ZERO","SMUL ROUT, RCR, R1",NOP,"SMUL ROUT, RCL, -4"
"SMUL ROUT, RCL, -4",NOP,NOP,"SMUL ROUT, RCR, R1",NOP
NOP,"SMUL ROUT, RCL, -4",NOP,NOP,"SMUL ROUT, RCR, R1"
82,,,,
"SADD R2, R2, ROUT",NOP,"SADD R2, R2, ROUT",NOP,NOP
"SADD R3, ZERO, ZERO","SADD R2, R2, ROUT",NOP,"SADD R2, R2, ROUT",NOP
NOP,NOP,"SADD R2, R2, ROUT",NOP,"SADD R2, R2, ROUT"
"SADD R2, R2, ROUT",NOP,NOP,"SADD R2, R2, ROUT",NOP
NOP,"SADD R2, R2, ROUT",NOP,NOP,"SADD R2, R2, ROUT"
83,,,,
"SADD R3, ZERO, ZERO","SADD R3, ZERO, ZERO","SADD R3, ZERO, ZERO","SADD R3, ZERO, ZERO","SADD R3, ZERO, ZERO"
"BNE R1, R2, 69","SADD R3, ZERO, ZERO","SADD R3, ZERO, ZERO","SADD R3, ZERO, ZERO","SADD R3, ZERO, ZERO"
"SADD R3, ZERO, ZERO","SADD R3, ZERO, ZERO","SADD R3, ZERO, ZERO","SADD R3, ZERO, ZERO","SADD R3, ZERO, ZERO"
"SADD R3, ZERO, ZERO","SADD R3, ZERO, ZERO","SADD R3, ZERO, ZERO","SADD R3, ZERO, ZERO","SADD R3, ZERO, ZERO"
"SADD R3, ZERO, ZERO","SADD R3, ZERO, ZERO","SADD R3, ZERO, ZERO","SADD R3, ZERO, ZERO","SADD R3, ZERO, ZERO"
84,,,,
"SMUL ROUT, R1, -5","SMUL ROUT, R1, 20",NOP,"SADD R1, R1, 1","SMUL ROUT, R2, -20"
"SMUL ROUT, R2, -20","SMUL ROUT, R1, -5","SMUL ROUT, R1, 20",NOP,NOP
NOP,NOP,"SMUL ROUT, R1, -5","SMUL ROUT, R1, 20",NOP
NOP,NOP,"SMUL ROUT, R2, -20","SMUL ROUT, R1, -5","SMUL ROUT, R1, 20"
"SMUL ROUT, R1, 20",NOP,NOP,NOP,"SMUL ROUT, R1, -5"
85,,,,
"SADD ROUT, ZERO, RCL","SADD R2, R2, RCL","SADD R2, R2, RCL",NOP,NOP
"SADD R1, ZERO, ZERO","SADD ROUT, ZERO, RCL","SADD R2, R2, RCL","SADD R2, R2, RCL",NOP
NOP,NOP,"SADD ROUT, ZERO, RCB","SADD R2, R2, RCL","SADD R2, R2, RCL"
"SADD R2, R2, RCL",NOP,NOP,"SADD ROUT, ZERO, RCL","SADD R2, R2, RCL"
"SADD R2, R2, RCL","SADD R2, R2, RCL",NOP,NOP,"SADD ROUT, ZERO, RCB"
86,,,,
"SADD R2, R2, ROUT","SADD R2, R2, RCL",NOP,"BNE R1, R2, 69",NOP
NOP,"SADD R2, R2, ROUT","SADD R2, R2, RCL",NOP,NOP
NOP,NOP,"SADD R2, R2, ROUT","SADD R2, R2, RCL",NOP
NOP,NOP,NOP,"SADD R2, R2, ROUT","SADD R2, R2, RCL"
"SADD R2, R2, RCL",NOP,NOP,NOP,"SADD R2, R2, ROUT"
87,,,,
"SADD ROUT, ZERO 25","SADD ROUT, 15 ZERO",NOP,NOP,"SADD ROUT, 15 ZERO"
"LWD R0, 4","SADD ROUT, ZERO 25","SADD ROUT, 15 ZERO",NOP,"SADD ROUT, 15 ZERO"
NOP,"LWD ROUT, 4",NOP,NOP,NOP
NOP,NOP,NOP,NOP,NOP
"SADD ROUT, 15 ZERO","SADD ROUT, 15 ZERO",NOP,"LWD ROUT, 4",NOP
88,,,,
NOP,NOP,"SLT ROUT, RCB 12","SADD ROUT, ZERO 25",NOP
NOP,NOP,NOP,"SLT ROUT, RCR 12","SLT ROUT, RCT 12"
NOP,NOP,NOP,NOP,NOP
"SLT ROUT, RCB 12",NOP,NOP,NOP,NOP
"SLT ROUT, RCR 12","SLT R0, RCB 12",NOP,NOP,NOP
89,,,,
NOP,NOP,NOP,NOP,NOP
NOP,NOP,"SADD ROUT, 3592,RCT","SADD ROUT, 3596,RCR","SADD ROUT, 3588,RCL"
"SADD ROUT, 3604,RCB",NOP,NOP,NOP,NOP
"SADD ROUT, 3600,RCB",NOP,NOP,NOP,NOP
NOP,"SADD ROUT, 3584,R0",NOP,NOP,NOP
90,,,,
NOP,NOP,"SADD ROUT, RCR ZERO",NOP,NOP
"SADD ROUT, RCB ZERO",NOP,NOP,NOP,NOP
NOP,"SADD ROUT, RCT ZERO","SADD ROUT, RCL ZERO",NOP,NOP
NOP,"SADD ROUT, RCL ZERO",NOP,NOP,NOP
NOP,NOP,NOP,NOP,NOP
91,,,,
NOP,NOP,NOP,NOP,NOP
"SADD ROUT, R0 ZERO",NOP,NOP,NOP,NOP
"SWI RCR,RCT",NOP,NOP,NOP,NOP
NOP,NOP,NOP,NOP,NOP
NOP,NOP,NOP,NOP,NOP
92,,,,
"SADD ROUT, RCB ZERO","SADD ROUT, RCR ZERO",NOP,"SADD ROUT, RCT ZERO",NOP
"SADD ROUT, RCT ZERO",NOP,NOP,NOP,NOP
NOP,NOP,NOP,"SADD ROUT, RCL ZERO",NOP
NOP,NOP,NOP,NOP,NOP
NOP,NOP,NOP,NOP,NOP
93,,,,
NOP,NOP,"SWI RCR,RCB",NOP,NOP
NOP,NOP,NOP,"SWI RCB,RCR","SWI RCR,RCL"
NOP,NOP,NOP,NOP,NOP
NOP,NOP,NOP,NOP,NOP
"SWI RCB,RCR","SWI RCB,RCT",NOP,"NOP",NOP
94,,,,
"SADD R3, ZERO, 63","SADD R3, ZERO, 63","SADD R3, ZERO, 63","SADD R3, ZERO, 63","SADD R3, ZERO, 63"
"SADD R3, ZERO, 63","SADD R3, ZERO, 63","SADD R3, ZERO, 63","SADD R3, ZERO, 63",NOP
NOP,"SADD R3, ZERO, 63","SADD R3, ZERO, 63","SADD R3, ZERO, 63","SADD R3, ZERO, 63"
"SADD R3, ZERO, 63",NOP,"SADD R3, ZERO, 63","SADD R3, ZERO, 63","SADD R3, ZERO, 63"
"SADD R3, ZERO, 63","SADD R3, ZERO, 63",NOP,NOP,"SADD R3, ZERO, 63"
95,,,,
"SMUL R3, R3, 1024","SMUL R3, R3, 1024","SMUL R3, R3, 1024","SMUL R3, R3, 1024","SMUL R3, R3, 1024"
"SMUL R3, R3, 1024","SMUL R3, R3, 1024","SMUL R3, R3, 1024","SMUL R3, R3, 1024",NOP
NOP,"SMUL R3, R3, 1024","SMUL R3, R3, 1024","SMUL R3, R3, 1024","SMUL R3, R3, 1024"
"SMUL R3, R3, 1024",NOP,"SMUL R3, R3, 1024","SMUL R3, R3, 1024","SMUL R3, R3, 1024"
"SMUL R3, R3, 1024","SMUL R3, R3, 1024",NOP,NOP,"SMUL R3, R3, 1024"
96,,,,
"SADD R3, R3, 516","SADD R3, R3, 520","SADD R3, R3, 512","SADD R3, R3, 524","SADD R3, R3, 532"
"SADD R3, R3, 532","SADD R3, R3, 516","SADD R3, R3, 520","SADD R3, R3, 512",NOP
NOP,"SADD R3, R3, 528","SADD R3, R3, 516","SADD R3, R3, 520","SADD R3, R3, 512"
"SADD R3, R3, 512",NOP,"SADD R3, R3, 532","SADD R3, R3, 516","SADD R3, R3, 520"
"SADD R3, R3, 520","SADD R3, R3, 512",NOP,NOP,"SADD R3, R3, 516"
97,,,,
"LWI R1, R3","LWI R1, R3","LWI R1, R3","LWI R3, R3","LWI R3, R3"
"LWI R3, R3","LWI R1, R3","LWI R1, R3","LWI R1, R3",NOP
NOP,"LWI R2, R3","LWI R1, R3","LWI R1, R3","LWI R1, R3"
"LWI R1, R3",NOP,"LWI R3, R3","LWI R1, R3","LWI R1, R3"
"LWI R1, R3","LWI R1, R3",NOP,NOP,"LWI R1, R3"
98,,,,
"SMUL R2, R1, 1","SADD R3, ZERO, 63","SMUL R2, R1, 1","SMUL R1, R3, 205","SMUL R1, R3, 205"
"SMUL R1, R3, 205","SADD R3, ZERO, 63","SADD R3, ZERO, 63","SADD R3, ZERO, 63",NOP
NOP,NOP,"SADD R3, ZERO, 63","SADD R3, ZERO, 63","SADD R3, ZERO, 63"
"SADD R3, ZERO, 63",NOP,"SMUL R1, R3, 205","SADD R3, ZERO, 63","SADD R3, ZERO, 63"
"SADD R3, ZERO, 63","SADD R3, ZERO, 63",NOP,NOP,"SADD R3, ZERO, 63"
99,,,,
"SADD R3, ZERO, 63","SMUL R3, R3, 1024",NOP,"SRT R2, R1, 10","SRT R2, R1, 10"
"SRT R2, R1, 10","SMUL R3, R3, 1024","SMUL R3, R3, 1024","SMUL R3, R3, 1024",NOP
NOP,NOP,"SMUL R3, R3, 1024","SMUL R3, R3, 1024","SMUL R3, R3, 1024"
"SMUL R3, R3, 1024",NOP,"SRT R2, R1, 10","SMUL R3, R3, 1024","SMUL R3, R3, 1024"
"SMUL R3, R3, 1024","SMUL R3, R3, 1024",NOP,NOP,"SMUL R3, R3, 1024"
100,,,,
"SMUL R3, R3, 1024","SADD R3, R3, 532",NOP,NOP,NOP
NOP,"SADD R3, R3, 532","SADD R3, R3, 532","SADD R3, R3, 528",NOP
NOP,NOP,"SADD R3, R3, 532","SADD R3, R3, 532","SADD R3, R3, 528"
"SADD R3, R3, 528",NOP,NOP,"SADD R3, R3, 532","SADD R3, R3, 532"
"SADD R3, R3, 532","SADD R3, R3, 528",NOP,NOP,"SADD R3, R3, 532"
101,,,,
"SADD R3, R3, 532","LWI R3, R3",NOP,NOP,NOP
NOP,"LWI R3, R3","LWI R3, R3","LWI R3, R3",NOP
NOP,NOP,"LWI R3, R3","LWI R3, R3","LWI R3, R3"
"LWI R3, R3",NOP,NOP,"LWI R3, R3","LWI R3, R3"
"LWI R3, R3","LWI R3, R3",NOP,NOP,"LWI R3, R3"
102,,,,
"LWI R3, R3","SADD R0, ZERO, 1",NOP,NOP,NOP
NOP,"SADD R0, ZERO, 1","SMUL R0, R3, 1","SMUL R0, R3, 1",NOP
NOP,NOP,"SADD R0, ZERO, 2","SMUL R0, R3, 2","SMUL R0, R3, 2"
"SMUL R0, R3, 3",NOP,NOP,"SADD R0, ZERO, 3","SMUL R0, R3, 3"
"SMUL R0, R3, 4","SMUL R0, R3, 4",NOP,NOP,"SADD R0, ZERO, 4"
103,,,,
"SMUL R0, R3, 4","SMUL R0, R0, 4",NOP,NOP,NOP
NOP,"SMUL R0, R0, 4","SADD R0, R0, 2","SMUL R0, R0, 4",NOP
NOP,NOP,"SMUL R0, R0, 4","SADD R0, R0, 3","SMUL R0, R0, 4"
"SMUL R0, R0, 4",NOP,NOP,"SMUL R0, R0, 4","SADD R0, R0, 4"
"SMUL R0, R0, 4","SMUL R0, R0, 4",NOP,NOP,"SMUL R0, R0, 4"
104,,,,
"SMUL R1, R0, -1","SADD R2, R1, R0",NOP,NOP,NOP
NOP,"SADD R2, R1, R0","SMUL R0, R0, 4","SADD R2, R1, R0",NOP
NOP,NOP,"SADD R2, R1, R0","SMUL R0, R0, 4","SADD R2, R1, R0"
"SADD R2, R1, R0",NOP,NOP,"SADD R2, R1, R0","SMUL R0, R0, 4"
"SADD R2, R1, R0","SADD R2, R1, R0",NOP,NOP,"SADD R2, R1, R0"
105,,,,
NOP,"SADD R3, ZERO, 63",NOP,NOP,NOP
NOP,"SADD R3, ZERO, 63","SADD R2, R1, R0",NOP,NOP
NOP,NOP,"SADD R3, ZERO, 63","SADD R2, R1, R0",NOP
NOP,NOP,NOP,"SADD R3, ZERO, 63","SADD R2, R1, R0"
"SADD R3, ZERO, 63",NOP,NOP,NOP,"SADD R3, ZERO, 63"
106,,,,
NOP,"SMUL R3, R3, 1024",NOP,NOP,NOP
NOP,"SMUL R3, R3, 1024","SADD R3, ZERO, 63",NOP,NOP
NOP,NOP,"SMUL R3, R3, 1024","SADD R3, ZERO, 63",NOP
NOP,NOP,NOP,"SMUL R3, R3, 1024","SADD R3, ZERO, 63"
"SMUL R3, R3, 1024",NOP,NOP,NOP,"SMUL R3, R3, 1024"
107,,,,
NOP,"SADD R3, R3, 528",NOP,NOP,NOP
NOP,"SADD R3, R3, 532","SMUL R3, R3, 1024",NOP,NOP
NOP,NOP,"SADD R3, R3, 532","SMUL R3, R3, 1024",NOP
NOP,NOP,NOP,"SADD R3, R3, 532","SMUL R3, R3, 1024"
"SADD R3, R3, 528",NOP,NOP,NOP,"SADD R3, R3, 532"
108,,,,
NOP,"LWI R1, R3",NOP,NOP,NOP
NOP,"LWI R3, R3","SADD R3, R3, 528",NOP,NOP
NOP,NOP,"LWI R3, R3","SADD R3, R3, 528",NOP
NOP,NOP,NOP,"LWI R3, R3","SADD R3, R3, 528"
"LWI R1, R3",NOP,NOP,NOP,"LWI R3, R3"
109,,,,
NOP,NOP,NOP,NOP,NOP
NOP,"SMUL R0, R3, 4","LWI R1, R3",NOP,NOP
NOP,NOP,"SMUL R0, R3, 4","LWI R1, R3",NOP
NOP,NOP,NOP,"SMUL R0, R3, 4","LWI R1, R3"
NOP,NOP,NOP,NOP,"SMUL R0, R3, 4"
110,,,,
NOP,NOP,"SADD R1, ZERO, ZERO","SADD R1, ZERO, ZERO","SADD R1, ZERO, ZERO"
"SADD R1, ZERO, ZERO","SMUL R1, R0, -1",NOP,"SADD R1, ZERO, ZERO","SADD R1, ZERO, ZERO"
"SADD R1, ZERO, ZERO","SADD R1, ZERO, ZERO","SMUL R1, R0, -1",NOP,"SADD R1, ZERO, ZERO"
"SADD R1, ZERO, ZERO","SADD R1, ZERO, ZERO","SADD R1, ZERO, ZERO","SMUL R1, R0, -1",NOP
NOP,"SADD R1, ZERO, ZERO","SADD R1, ZERO, ZERO","SADD R1, ZERO, ZERO","SMUL R1, R0, -1"
111,,,,
"SADD R3, ZERO, ZERO","SADD R3, ZERO, ZERO","SADD R3, ZERO, ZERO","SADD R3, ZERO, ZERO","SADD R3, ZERO, ZERO"
"SADD R3, ZERO, ZERO","SADD R3, ZERO, ZERO","SADD R3, ZERO, ZERO","SADD R3, ZERO, ZERO","SADD R3, ZERO, ZERO"
"SADD R3, ZERO, ZERO","SADD R3, ZERO, ZERO","SADD R3, ZERO, ZERO","SADD R3, ZERO, ZERO","SADD R3, ZERO, ZERO"
"SADD R3, ZERO, ZERO","SADD R3, ZERO, ZERO","SADD R3, ZERO, ZERO","SADD R3, ZERO, ZERO","SADD R3, ZERO, ZERO"
"SADD R3, ZERO, ZERO","SADD R3, ZERO, ZERO","SADD R3, ZERO, ZERO","SADD R3, ZERO, ZERO","SADD R3, ZERO, ZERO"
112,,,,
"LWI R0, R2",NOP,"LWI R0, R2",NOP,NOP
NOP,"LWI R0, R2",NOP,"LWI R0, R2",NOP
NOP,"SADD R1, R1, 1","LWI R0, R2",NOP,"LWI R0, R2"
"LWI R0, R2",NOP,NOP,"LWI R0, R2",NOP
NOP,"LWI R0, R2",NOP,NOP,"LWI R0, R2"
113,,,,
NOP,"SADD R0, ZERO, RCB",NOP,"SADD R0, ZERO, RCL","SADD R0, ZERO, RCT"
"SADD R0, ZERO, RCT",NOP,"SADD R0, ZERO, RCB",NOP,"SADD R0, ZERO, RCL"
"SADD R0, ZERO, RCL","SADD R0, ZERO, RCT",NOP,"SADD R0, ZERO, RCB",NOP
NOP,"SADD R0, ZERO, RCL","SADD R0, ZERO, RCT",NOP,"SADD R0, ZERO, RCB"
"SADD R0, ZERO, RCB",NOP,"SADD R0, ZERO, RCL","SADD R0, ZERO, RCT",NOP
114,,,,
NOP,"SADD ROUT, ZERO, RCR","SADD ROUT, ZERO, RCB","SADD ROUT, ZERO, RCT","SADD ROUT, ZERO, RCL"
"SADD ROUT, ZERO, RCL",NOP,"SADD ROUT, ZERO, RCR","SADD ROUT, ZERO, RCB","SADD ROUT, ZERO, RCT"
"SADD ROUT, ZERO, RCT","SADD ROUT, ZERO, RCL",NOP,"SADD ROUT, ZERO, RCR","SADD ROUT, ZERO, RCB"
"SADD ROUT, ZERO, RCB","SADD ROUT, ZERO, RCT","SADD ROUT, ZERO, RCL",NOP,"SADD ROUT, ZERO, RCR"
"SADD ROUT, ZERO, RCR","SADD ROUT, ZERO, RCB","SADD ROUT, ZERO, RCT","SADD ROUT, ZERO, RCL",NOP
115,,,,
"SADD ROUT, ZERO, RCR",NOP,NOP,NOP,NOP
NOP,"SADD ROUT, ZERO, RCR",NOP,NOP,NOP
NOP,NOP,"SADD ROUT, ZERO, RCR",NOP,NOP
NOP,NOP,NOP,"SADD ROUT, ZERO, RCR",NOP
NOP,NOP,NOP,NOP,"SADD ROUT, ZERO, RCR"
116,,,,
"SMUL ROUT, R0, ROUT","SMUL ROUT, R0, ROUT","SMUL ROUT, R0, ROUT","SMUL ROUT, R0, ROUT","SMUL ROUT, R0, ROUT"
"SMUL ROUT, R0, ROUT","SMUL ROUT, R0, ROUT","SMUL ROUT, R0, ROUT","SMUL ROUT, R0, ROUT","SMUL ROUT, R0, ROUT"
"SMUL ROUT, R0, ROUT","SMUL ROUT, R0, ROUT","SMUL ROUT, R0, ROUT","SMUL ROUT, R0, ROUT","SMUL ROUT, R0, ROUT"
"SMUL ROUT, R0, ROUT","SMUL ROUT, R0, ROUT","SMUL ROUT, R0, ROUT","SMUL ROUT, R0, ROUT","SMUL ROUT, R0, ROUT"
"SMUL ROUT, R0, ROUT","SMUL ROUT, R0, ROUT","SMUL ROUT, R0, ROUT","SMUL ROUT, R0, ROUT","SMUL ROUT, R0, ROUT"
117,,,,
"SADD R3, R3, ROUT","SADD R3, R3, ROUT","SADD R3, R3, ROUT","SADD R3, R3, ROUT","SADD R3, R3, ROUT"
"SADD R3, R3, ROUT","SADD R3, R3, ROUT","SADD R3, R3, ROUT","SADD R3, R3, ROUT","SADD R3, R3, ROUT"
"SADD R3, R3, ROUT","SADD R3, R3, ROUT","SADD R3, R3, ROUT","SADD R3, R3, ROUT","SADD R3, R3, ROUT"
"SADD R3, R3, ROUT","SADD R3, R3, ROUT","SADD R3, R3, ROUT","SADD R3, R3, ROUT","SADD R3, R3, ROUT"
"SADD R3, R3, ROUT","SADD R3, R3, ROUT","SADD R3, R3, ROUT","SADD R3, R3, ROUT","SADD R3, R3, ROUT"
118,,,,
"SSUB R2, R2, R1",NOP,"SADD R2, R2, 4",NOP,NOP
NOP,"SSUB R2, R2, R1",NOP,"SADD R2, R2, 4",NOP
NOP,"BNE R1, R2, 112","SSUB R2, R2, R1",NOP,"SADD R2, R2, 4"
"SADD R2, R2, 4",NOP,NOP,"SSUB R2, R2, R1",NOP
NOP,"SADD R2, R2, 4",NOP,NOP,"SSUB R2, R2, R1"
119,,,,
NOP,"SADD ROUT, ZERO, R2",NOP,NOP,NOP
"SADD R1, R1, 1",NOP,"SADD ROUT, ZERO, R2",NOP,NOP
NOP,NOP,NOP,"SADD ROUT, ZERO, R2",NOP
NOP,NOP,NOP,NOP,"SADD ROUT, ZERO, R2"
"SADD ROUT, ZERO, R2",NOP,NOP,NOP,NOP
120,,,,
"SADD ROUT, RCR, -4","SADD R2, R2, 20","SADD ROUT, RCL, 4",NOP,NOP
NOP,"SADD ROUT, RCR, -4","SADD R2, R2, 20","SADD ROUT, RCL, 4",NOP
NOP,NOP,"SADD ROUT, RCR, -4","SADD R2, R2, 20","SADD ROUT, RCL, 4"
"SADD ROUT, RCL, -16",NOP,NOP,"SADD ROUT, RCR, -4","SADD R2, R2, 20"
"SADD R2, R2, 20","SADD ROUT, RCL, 4",NOP,NOP,"SADD ROUT, RCR, 16"
121,,,,
NOP,"SADD ROUT, R2, -20",NOP,"SADD ROUT, RCL, 4","SADD ROUT, RCR, 16"
"SADD ROUT, RCR, -4",NOP,"SADD ROUT, R2, -20",NOP,"SADD ROUT, RCL, 4"
"SADD ROUT, RCL, -16","SADD ROUT, RCR, -4",NOP,"SADD ROUT, R2, -20",NOP
NOP,"SADD ROUT, RCL, 4","SADD ROUT, RCR, -4",NOP,"SADD ROUT, R2, -20"
"SADD ROUT, R2, -20",NOP,"SADD ROUT, RCL, 4","SADD ROUT, RCR, -4",NOP
122,,,,
"SWI R3, ROUT","SWI R3, ROUT","SWI R3, ROUT","SWI R3, ROUT","SWI R3, ROUT"
"SWI R3, ROUT","SWI R3, ROUT","SWI R3, ROUT","SWI R3, ROUT","SWI R3, ROUT"
"SWI R3, ROUT","SWI R3, ROUT","SWI R3, ROUT","SWI R3, ROUT","SWI R3, ROUT"
"SWI R3, ROUT","SWI R3, ROUT","SWI R3, ROUT","SWI R3, ROUT","SWI R3, ROUT"
"SWI R3, ROUT","SWI R3, ROUT","SWI R3, ROUT","SWI R3, ROUT","SWI R3, ROUT"
123,,,,
"SADD R2, R2, 20","SADD ROUT, ZERO, R1",NOP,NOP,NOP
NOP,"SADD R2, R2, 20","SADD ROUT, ZERO, R1",NOP,NOP
NOP,NOP,"SADD R2, R2, 20","SADD ROUT, ZERO, R1",NOP
NOP,NOP,NOP,"SADD R2, R2, 20","SADD ROUT, ZERO, R1"
"SADD ROUT, ZERO, R1",NOP,NOP,NOP,"SADD R2, R2, 20"
124,,,,
"SMUL ROUT, RCR, R1",NOP,"SMUL ROUT, RCL, -4",NOP,NOP
NOP,"SMUL ROUT, RCR, R1",NOP,"SMUL ROUT, RCL, -4",NOP
NOP,"SADD R1, ZERO, ZERO","SMUL ROUT, RCR, R1",NOP,"SMUL ROUT, RCL, -4"
"SMUL ROUT, RCL, -4",NOP,NOP,"SMUL ROUT, RCR, R1",NOP
NOP,"SMUL ROUT, RCL, -4",NOP,NOP,"SMUL ROUT, RCR, R1"
125,,,,
"SADD R2, R2, ROUT",NOP,"SADD R2, R2, ROUT",NOP,NOP
"SADD R3, ZERO, ZERO","SADD R2, R2, ROUT",NOP,"SADD R2, R2, ROUT",NOP
NOP,NOP,"SADD R2, R2, ROUT",NOP,"SADD R2, R2, ROUT"
"SADD R2, R2, ROUT",NOP,NOP,"SADD R2, R2, ROUT",NOP
NOP,"SADD R2, R2, ROUT",NOP,NOP,"SADD R2, R2, ROUT"
126,,,,
"SADD R3, ZERO, ZERO","SADD R3, ZERO, ZERO","SADD R3, ZERO, ZERO","SADD R3, ZERO, ZERO","SADD R3, ZERO, ZERO"
"BNE R1, R2, 112","SADD R3, ZERO, ZERO","SADD R3, ZERO, ZERO","SADD R3, ZERO, ZERO","SADD R3, ZERO, ZERO"
"SADD R3, ZERO, ZERO","SADD R3, ZERO, ZERO","SADD R3, ZERO, ZERO","SADD R3, ZERO, ZERO","SADD R3, ZERO, ZERO"
"SADD R3, ZERO, ZERO","SADD R3, ZERO, ZERO","SADD R3, ZERO, ZERO","SADD R3, ZERO, ZERO","SADD R3, ZERO, ZERO"
"SADD R3, ZERO, ZERO","SADD R3, ZERO, ZERO","SADD R3, ZERO, ZERO","SADD R3, ZERO, ZERO","SADD R3, ZERO, ZERO"
127,,,,
"SMUL ROUT, R1, -5","SMUL ROUT, R1, 20",NOP,"SADD R1, R1, 1","SMUL ROUT, R2, -20"
"SMUL ROUT, R2, -20","SMUL ROUT, R1, -5","SMUL ROUT, R1, 20",NOP,NOP
NOP,NOP,"SMUL ROUT, R1, -5","SMUL ROUT, R1, 20",NOP
NOP,NOP,"SMUL ROUT, R2, -20","SMUL ROUT, R1, -5","SMUL ROUT, R1, 20"
"SMUL ROUT, R1, 20",NOP,NOP,NOP,"SMUL ROUT, R1, -5"
128,,,,
"SADD ROUT, ZERO, RCL","SADD R2, R2, RCL","SADD R2, R2, RCL",NOP,NOP
"SADD R1, ZERO, ZERO","SADD ROUT, ZERO, RCL","SADD R2, R2, RCL","SADD R2, R2, RCL",NOP
NOP,NOP,"SADD ROUT, ZERO, RCB","SADD R2, R2, RCL","SADD R2, R2, RCL"
"SADD R2, R2, RCL",NOP,NOP,"SADD ROUT, ZERO, RCL","SADD R2, R2, RCL"
"SADD R2, R2, RCL","SADD R2, R2, RCL",NOP,NOP,"SADD ROUT, ZERO, RCB"
129,,,,
"SADD R2, R2, ROUT","SADD R2, R2, RCL",NOP,"BNE R1, R2, 112",NOP
NOP,"SADD R2, R2, ROUT","SADD R2, R2, RCL",NOP,NOP
NOP,NOP,"SADD R2, R2, ROUT","SADD R2, R2, RCL",NOP
NOP,NOP,NOP,"SADD R2, R2, ROUT","SADD R2, R2, RCL"
"SADD R2, R2, RCL",NOP,NOP,NOP,"SADD R2, R2, ROUT"
130,,,,
NOP,NOP,NOP,NOP,NOP
NOP,NOP,NOP,NOP,NOP
EXIT,NOP,NOP,NOP,NOP
NOP,NOP,NOP,NOP,NOP
NOP,NOP,NOP,NOP,NOP
